SpeciesId,Species Name,StatArea,Year,T_Idx_E,ExpFactor1,AdjSum,ExpFactor2,ObsE,ExpFactor3,TE,CDN Harvest,CDN ER,TRTC,Total Harvest,Total ER,Total Run,Q1,Q2,Q3
SX,Sockeye,1,1960,11000,1.093457944,12028.03738,1.129954909,13591.13988,2,27182.27977,6795.569942,0.2,33977.84971,6795.569942,0.2,33977.84971,2.333333333,4.572649573,4.424955333
SX,Sockeye,1,1961,11400,1,11400,1.129954909,12881.48596,2,25762.97192,6440.74298,0.2,32203.7149,6440.74298,0.2,32203.7149,2.333333333,5,4.424955333
SX,Sockeye,1,1962,31500,1,31500,1.129954909,35593.57963,2,71187.15926,17796.78981,0.2,88983.94907,17796.78981,0.2,88983.94907,2.333333333,5,4.424955333
SX,Sockeye,1,1963,11750,1,11750,1.129954909,13276.97018,2,26553.94036,6638.485089,0.2,33192.42545,6638.485089,0.2,33192.42545,2.333333333,5,4.424955333
SX,Sockeye,1,1964,24000,1,24000,1.129954909,27118.91781,2,54237.83562,13559.45891,0.2,67797.29453,13559.45891,0.2,67797.29453,2.333333333,5,4.424955333
SX,Sockeye,1,1965,9400,1,9400,1.129954909,10621.57614,2,21243.15229,5310.788072,0.2,26553.94036,5310.788072,0.2,26553.94036,2.333333333,5,4.424955333
SX,Sockeye,1,1966,4650,1,4650,1.129954909,5254.290326,2,10508.58065,2627.145163,0.2,13135.72582,2627.145163,0.2,13135.72582,2.333333333,5,4.424955333
SX,Sockeye,1,1967,8100,1,8100,1.129954909,9152.634762,2,18305.26952,4576.317381,0.2,22881.5869,4576.317381,0.2,22881.5869,2.333333333,5,4.424955333
SX,Sockeye,1,1968,18900,1,18900,1.129954909,21356.14778,2,42712.29555,10678.07389,0.2,53390.36944,10678.07389,0.2,53390.36944,2.333333333,5,4.424955333
SX,Sockeye,1,1969,37500,1,37500,1.129954909,42373.30908,2,84746.61816,21186.65454,0.2,105933.2727,21186.65454,0.2,105933.2727,2.333333333,5,4.424955333
SX,Sockeye,1,1970,25750,1.059038662,27270.24556,1.129954909,30814.14783,2,61628.29567,15407.07392,0.2,77035.36959,15407.07392,0.2,77035.36959,2.333333333,4.72126295,4.424955333
SX,Sockeye,1,1971,16000,1.059038662,16944.6186,1.129954909,19146.65497,2,38293.30993,9573.327483,0.2,47866.63741,9573.327483,0.2,47866.63741,2.333333333,4.72126295,4.424955333
SX,Sockeye,1,1972,16500,1,16500,1.129954909,18644.256,2,37288.51199,9322.127998,0.2,46610.63999,9322.127998,0.2,46610.63999,2.333333333,5,4.424955333
SX,Sockeye,1,1973,34000,1,34000,1.129954909,38418.4669,2,76836.9338,19209.23345,0.2,96046.16725,19209.23345,0.2,96046.16725,2.333333333,5,4.424955333
SX,Sockeye,1,1974,36500,1,36500,1.129954909,41243.35417,2,82486.70835,20621.67709,0.2,103108.3854,20621.67709,0.2,103108.3854,2.333333333,5,4.424955333
SX,Sockeye,1,1975,13500,1,13500,1.129954909,15254.39127,2,30508.78254,7627.195635,0.2,38135.97817,7627.195635,0.2,38135.97817,2.333333333,5,4.424955333
SX,Sockeye,1,1976,38800,1,38800,1.129954909,43842.25046,2,87684.50093,21921.12523,0.2,109605.6262,21921.12523,0.2,109605.6262,2.333333333,5,4.424955333
SX,Sockeye,1,1977,34000,1,34000,1.129954909,38418.4669,2,76836.9338,19209.23345,0.2,96046.16725,19209.23345,0.2,96046.16725,2.333333333,5,4.424955333
SX,Sockeye,1,1978,18000,1,18000,1.129954909,20339.18836,2,40678.37672,10169.59418,0.2,50847.9709,10169.59418,0.2,50847.9709,2.333333333,5,4.424955333
SX,Sockeye,1,1979,17500,1,17500,1.129954909,19774.2109,2,39548.42181,9887.105452,0.2,49435.52726,9887.105452,0.2,49435.52726,2.333333333,5,4.424955333
SX,Sockeye,1,1980,31700,1,31700,1.129954909,35819.57061,2,71639.14122,17909.78531,0.2,89548.92653,17909.78531,0.2,89548.92653,2.333333333,5,4.424955333
SX,Sockeye,1,1981,21500,1,21500,1.129954909,24294.03054,2,48588.06108,12147.01527,0.2,60735.07635,12147.01527,0.2,60735.07635,2.333333333,5,4.424955333
SX,Sockeye,1,1982,27000,1,27000,1.129954909,30508.78254,2,61017.56508,15254.39127,0.2,76271.95635,15254.39127,0.2,76271.95635,2.333333333,5,4.424955333
SX,Sockeye,1,1983,18000,1,18000,1.129954909,20339.18836,2,40678.37672,10169.59418,0.2,50847.9709,10169.59418,0.2,50847.9709,2.333333333,5,4.424955333
SX,Sockeye,1,1984,17000,1,17000,1.129954909,19209.23345,2,38418.4669,9604.616725,0.2,48023.08363,9604.616725,0.2,48023.08363,2.333333333,5,4.424955333
SX,Sockeye,1,1985,37200,1,37200,1.129954909,42034.32261,2,84068.64522,21017.1613,0.2,105085.8065,21017.1613,0.2,105085.8065,2.333333333,5,4.424955333
SX,Sockeye,1,1986,12000,1,12000,1.129954909,13559.45891,2,27118.91781,6779.729453,0.2,33898.64727,6779.729453,0.2,33898.64727,2.333333333,5,4.424955333
SX,Sockeye,1,1987,7700,1,7700,1.129954909,8700.652798,2,17401.3056,4350.326399,0.2,21751.632,4350.326399,0.2,21751.632,2.333333333,5,4.424955333
SX,Sockeye,1,1988,20650,1,20650,1.129954909,23333.56887,2,46667.13773,11666.78443,0.2,58333.92217,11666.78443,0.2,58333.92217,2.333333333,5,4.424955333
SX,Sockeye,1,1989,10100,1.180885959,11926.94819,1.129954909,13476.91365,2,26953.8273,6738.456825,0.2,33692.28413,6738.456825,0.2,33692.28413,2.333333333,4.234109112,4.424955333
SX,Sockeye,1,1990,200,2.08432304,416.8646081,1.129954909,471.0382102,2,942.0764204,235.5191051,0.2,1177.595526,235.5191051,0.2,1177.595526,2.333333333,2.398860399,4.424955333
SX,Sockeye,1,1991,4150,1,4150,1.129954909,4689.312872,2,9378.625743,2344.656436,0.2,11723.28218,2344.656436,0.2,11723.28218,2.333333333,5,4.424955333
SX,Sockeye,1,1992,11900,1,11900,1.129954909,13446.46342,2,26892.92683,6723.231708,0.2,33616.15854,6723.231708,0.2,33616.15854,2.333333333,5,4.424955333
SX,Sockeye,1,1993,500,4.21875,2109.375,1.129954909,2383.498636,2,4766.997272,1191.749318,0.2,5958.74659,1191.749318,0.2,5958.74659,2.333333333,1.185185185,4.424955333
SX,Sockeye,1,1994,8700,1,8700,1.129954909,9830.607707,2,19661.21541,4915.303853,0.2,24576.51927,4915.303853,0.2,24576.51927,2.333333333,5,4.424955333
SX,Sockeye,1,1995,7000,1,7000,1.129954909,7909.684362,2,15819.36872,3954.842181,0.2,19774.2109,3954.842181,0.2,19774.2109,2.333333333,5,4.424955333
SX,Sockeye,1,1996,19000,1,19000,1.129954909,21469.14327,2,42938.28654,10734.57163,0.2,53672.85817,10734.57163,0.2,53672.85817,2.333333333,5,4.424955333
SX,Sockeye,1,1997,12000,1.320541761,15846.50113,1.129954909,17905.83174,2,35811.66348,8952.915869,0.2,44764.57935,8952.915869,0.2,44764.57935,2.333333333,3.786324786,4.424955333
SX,Sockeye,1,1998,14000,1,14000,1.129954909,15819.36872,2,31638.73745,7909.684362,0.2,39548.42181,7909.684362,0.2,39548.42181,2.333333333,5,4.424955333
SX,Sockeye,1,1999,15500,1,15500,1.129954909,17514.30109,2,35028.60217,8757.150543,0.2,43785.75272,8757.150543,0.2,43785.75272,2.333333333,5,4.424955333
SX,Sockeye,1,2000,19000,1,19000,1.129954909,21469.14327,2,42938.28654,10734.57163,0.2,53672.85817,10734.57163,0.2,53672.85817,2.333333333,5,4.424955333
SX,Sockeye,1,2001,3900,1,3900,1.129954909,4406.824144,2,8813.648289,2203.412072,0.2,11017.06036,2203.412072,0.2,11017.06036,2.333333333,5,4.424955333
SX,Sockeye,1,2002,9650,1,9650,1.129954909,10904.06487,2,21808.12974,5452.032435,0.2,27260.16218,5452.032435,0.2,27260.16218,2.333333333,5,4.424955333
SX,Sockeye,1,2003,7500,1,7500,1.129954909,8474.661816,2,16949.32363,4237.330908,0.2,21186.65454,4237.330908,0.2,21186.65454,2.333333333,5,4.424955333
SX,Sockeye,1,2004,10000,1,10000,1.129954909,11299.54909,2,22599.09818,5649.774544,0.2,28248.87272,5649.774544,0.2,28248.87272,2.333333333,5,4.424955333
SX,Sockeye,1,2005,5000,1.287532017,6437.660084,1.129954909,7274.265614,2,14548.53123,3637.132807,0.2,18185.66403,3637.132807,0.2,18185.66403,2.333333333,3.883398575,4.424955333
SX,Sockeye,1,2006,25200,1,25200,1.129954909,28474.8637,2,56949.72741,14237.43185,0.2,71187.15926,14237.43185,0.2,71187.15926,2.333333333,5,4.424955333
SX,Sockeye,1,2007,7000,1.287532017,9012.724118,1.129954909,10183.97186,2,20367.94372,5091.98593,0.2,25459.92965,5091.98593,0.2,25459.92965,2.333333333,3.883398575,4.424955333
SX,Sockeye,1,2008,9100,1,9100,1.129954909,10282.58967,2,20565.17934,5141.294835,0.2,25706.47418,5141.294835,0.2,25706.47418,2.333333333,5,4.424955333
SX,Sockeye,1,2009,7500,1.287532017,9656.490126,1.129954909,10911.39842,2,21822.79684,5455.69921,0.2,27278.49605,5455.69921,0.2,27278.49605,2.333333333,3.883398575,4.424955333
SX,Sockeye,1,2010,18000,1,18000,1.129954909,20339.18836,2,40678.37672,10169.59418,0.2,50847.9709,10169.59418,0.2,50847.9709,2.333333333,5,4.424955333
SX,Sockeye,1,2011,7000,1.758548353,12309.83847,1.129954909,13909.56241,2,27819.12482,6954.781205,0.2,34773.90602,6954.781205,0.2,34773.90602,2.333333333,2.843254205,4.424955333
SX,Sockeye,1,2012,18900,1,18900,1.129954909,21356.14778,2,42712.29555,10678.07389,0.2,53390.36944,10678.07389,0.2,53390.36944,2.333333333,5,4.424955333
SX,Sockeye,1,2013,9000,1,9000,1.129954909,10169.59418,2,20339.18836,5084.79709,0.2,25423.98545,5084.79709,0.2,25423.98545,2.333333333,5,4.424955333
SX,Sockeye,1,2014,19800,1,19800,1.129954909,22373.10719,2,44746.21439,11186.5536,0.2,55932.76799,11186.5536,0.2,55932.76799,2.333333333,5,4.424955333
SX,Sockeye,1,2015,14500,1,14500,1.129954909,16384.34618,2,32768.69236,8192.173089,0.2,40960.86545,8192.173089,0.2,40960.86545,2.333333333,5,4.424955333
SX,Sockeye,1,2016,13600,1,13600,1.129954909,15367.38676,2,30734.77352,7683.69338,0.2,38418.4669,7683.69338,0.2,38418.4669,2.333333333,5,4.424955333
SX,Sockeye,1,2017,12500,1,12500,1.129954909,14124.43636,2,28248.87272,7062.21818,0.2,35311.0909,7062.21818,0.2,35311.0909,2.333333333,5,4.424955333
SX,Sockeye,02E,1960,15000,1.365682138,20485.23207,1.010661793,20703.64137,2,41407.28273,10351.82068,0.2,51759.10341,10351.82068,0.2,51759.10341,3,3.661174047,4.94725341
SX,Sockeye,02E,1961,15000,1.365682138,20485.23207,1.010661793,20703.64137,2,41407.28273,10351.82068,0.2,51759.10341,10351.82068,0.2,51759.10341,3,3.661174047,4.94725341
SX,Sockeye,02E,1962,35000,1.365682138,47798.87482,1.010661793,48308.49652,2,96616.99304,24154.24826,0.2,120771.2413,24154.24826,0.2,120771.2413,3,3.661174047,4.94725341
SX,Sockeye,02E,1963,30000,1.365682138,40970.46414,1.010661793,41407.28273,2,82814.56546,20703.64137,0.2,103518.2068,20703.64137,0.2,103518.2068,3,3.661174047,4.94725341
SX,Sockeye,02E,1964,15000,1.365682138,20485.23207,1.010661793,20703.64137,2,41407.28273,10351.82068,0.2,51759.10341,10351.82068,0.2,51759.10341,3,3.661174047,4.94725341
SX,Sockeye,02E,1965,20000,1.365682138,27313.64276,1.010661793,27604.85515,2,55209.71031,13802.42758,0.2,69012.13788,13802.42758,0.2,69012.13788,3,3.661174047,4.94725341
SX,Sockeye,02E,1966,25000,1.365682138,34142.05345,1.010661793,34506.06894,2,69012.13788,17253.03447,0.2,86265.17236,17253.03447,0.2,86265.17236,3,3.661174047,4.94725341
SX,Sockeye,02E,1967,27000,1,27000,1.010661793,27287.8684,2,54575.73681,13643.9342,0.2,68219.67101,13643.9342,0.2,68219.67101,3,5,4.94725341
SX,Sockeye,02E,1968,42500,1,42500,1.010661793,42953.12619,2,85906.25238,21476.56309,0.2,107382.8155,21476.56309,0.2,107382.8155,3,5,4.94725341
SX,Sockeye,02E,1969,38500,1,38500,1.010661793,38910.47902,2,77820.95804,19455.23951,0.2,97276.19755,19455.23951,0.2,97276.19755,3,5,4.94725341
SX,Sockeye,02E,1970,23500,1,23500,1.010661793,23750.55213,2,47501.10426,11875.27606,0.2,59376.38032,11875.27606,0.2,59376.38032,3,5,4.94725341
SX,Sockeye,02E,1971,20000,1.384615385,27692.30769,1.010661793,27987.55734,2,55975.11467,13993.77867,0.2,69968.89334,13993.77867,0.2,69968.89334,3,3.611111111,4.94725341
SX,Sockeye,02E,1972,3000,1.384615385,4153.846154,1.010661793,4198.1336,2,8396.267201,2099.0668,0.2,10495.334,2099.0668,0.2,10495.334,3,3.611111111,4.94725341
SX,Sockeye,02E,1973,15000,1,15000,1.010661793,15159.92689,2,30319.85378,7579.963445,0.2,37899.81723,7579.963445,0.2,37899.81723,3,5,4.94725341
SX,Sockeye,02E,1974,8000,1.384615385,11076.92308,1.010661793,11195.02293,2,22390.04587,5597.511467,0.2,27987.55734,5597.511467,0.2,27987.55734,3,3.611111111,4.94725341
SX,Sockeye,02E,1975,17500,1.384615385,24230.76923,1.010661793,24489.11267,2,48978.22534,12244.55633,0.2,61222.78167,12244.55633,0.2,61222.78167,3,3.611111111,4.94725341
SX,Sockeye,02E,1976,11000,1.384615385,15230.76923,1.010661793,15393.15654,2,30786.31307,7696.578268,0.2,38482.89134,7696.578268,0.2,38482.89134,3,3.611111111,4.94725341
SX,Sockeye,02E,1977,10000,1.384615385,13846.15385,1.010661793,13993.77867,2,27987.55734,6996.889334,0.2,34984.44667,6996.889334,0.2,34984.44667,3,3.611111111,4.94725341
SX,Sockeye,02E,1978,6000,1.384615385,8307.692308,1.010661793,8396.267201,2,16792.5344,4198.1336,0.2,20990.668,4198.1336,0.2,20990.668,3,3.611111111,4.94725341
SX,Sockeye,02E,1979,5000,1.384615385,6923.076923,1.010661793,6996.889334,2,13993.77867,3498.444667,0.2,17492.22334,3498.444667,0.2,17492.22334,3,3.611111111,4.94725341
SX,Sockeye,02E,1980,5640,1,5640,1.010661793,5700.132511,2,11400.26502,2850.066255,0.2,14250.33128,2850.066255,0.2,14250.33128,3,5,4.94725341
SX,Sockeye,02E,1981,3000,1,3000,1.010661793,3031.985378,2,6063.970756,1515.992689,0.2,7579.963445,1515.992689,0.2,7579.963445,3,5,4.94725341
SX,Sockeye,02E,1982,1850,1,1850,1.010661793,1869.724317,2,3739.448633,934.8621583,0.2,4674.310791,934.8621583,0.2,4674.310791,3,5,4.94725341
SX,Sockeye,02E,1983,9000,1,9000,1.010661793,9095.956134,2,18191.91227,4547.978067,0.2,22739.89034,4547.978067,0.2,22739.89034,3,5,4.94725341
SX,Sockeye,02E,1984,11000,1,11000,1.010661793,11117.27972,2,22234.55944,5558.63986,0.2,27793.1993,5558.63986,0.2,27793.1993,3,5,4.94725341
SX,Sockeye,02E,1985,19000,1,19000,1.010661793,19202.57406,2,38405.14812,9601.287031,0.2,48006.43515,9601.287031,0.2,48006.43515,3,5,4.94725341
SX,Sockeye,02E,1986,3250,1,3250,1.010661793,3284.650826,2,6569.301653,1642.325413,0.2,8211.627066,1642.325413,0.2,8211.627066,3,5,4.94725341
SX,Sockeye,02E,1987,13000,1,13000,1.010661793,13138.60331,2,26277.20661,6569.301653,0.2,32846.50826,6569.301653,0.2,32846.50826,3,5,4.94725341
SX,Sockeye,02E,1988,18000,1,18000,1.010661793,18191.91227,2,36383.82454,9095.956134,0.2,45479.78067,9095.956134,0.2,45479.78067,3,5,4.94725341
SX,Sockeye,02E,1989,3800,1,3800,1.010661793,3840.514812,2,7681.029625,1920.257406,0.2,9601.287031,1920.257406,0.2,9601.287031,3,5,4.94725341
SX,Sockeye,02E,1990,5200,1,5200,1.010661793,5255.441322,2,10510.88264,2627.720661,0.2,13138.60331,2627.720661,0.2,13138.60331,3,5,4.94725341
SX,Sockeye,02E,1991,3200,1,3200,1.010661793,3234.117737,2,6468.235473,1617.058868,0.2,8085.294342,1617.058868,0.2,8085.294342,3,5,4.94725341
SX,Sockeye,02E,1992,5720,1,5720,1.010661793,5780.985454,2,11561.97091,2890.492727,0.2,14452.46364,2890.492727,0.2,14452.46364,3,5,4.94725341
SX,Sockeye,02E,1993,10373,1,10373,1.010661793,10483.59478,2,20967.18955,5241.797388,0.2,26208.98694,5241.797388,0.2,26208.98694,3,5,4.94725341
SX,Sockeye,02E,1994,2000,1.046263863,2092.527725,1.010661793,2114.837822,2,4229.675644,1057.418911,0.2,5287.094555,1057.418911,0.2,5287.094555,3,4.778909201,4.94725341
SX,Sockeye,02E,1995,1200,1.046263863,1255.516635,1.010661793,1268.902693,2,2537.805387,634.4513466,0.2,3172.256733,634.4513466,0.2,3172.256733,3,4.778909201,4.94725341
SX,Sockeye,02E,1996,16100,1,16100,1.010661793,16271.65486,2,32543.30973,8135.827431,0.2,40679.13716,8135.827431,0.2,40679.13716,3,5,4.94725341
SX,Sockeye,02E,1997,11960,1,11960,1.010661793,12087.51504,2,24175.03008,6043.75752,0.2,30218.7876,6043.75752,0.2,30218.7876,3,5,4.94725341
SX,Sockeye,02E,1998,12000,1.046263863,12555.16635,1.010661793,12689.02693,2,25378.05387,6344.513466,0.2,31722.56733,6344.513466,0.2,31722.56733,3,4.778909201,4.94725341
SX,Sockeye,02E,1999,10000,1.046263863,10462.63863,1.010661793,10574.18911,2,21148.37822,5287.094555,0.2,26435.47278,5287.094555,0.2,26435.47278,3,4.778909201,4.94725341
SX,Sockeye,02E,2000,12500,1.18286736,14785.842,1.010661793,14943.48558,2,29886.97117,7471.742792,0.2,37358.71396,7471.742792,0.2,37358.71396,3,4.227016628,4.94725341
SX,Sockeye,02E,2001,12948,1.18286736,15315.76658,1.010661793,15479.06011,2,30958.12022,7739.530054,0.2,38697.65027,7739.530054,0.2,38697.65027,3,4.227016628,4.94725341
SX,Sockeye,02E,2002,11400,1,11400,1.010661793,11521.54444,2,23043.08887,5760.772218,0.2,28803.86109,5760.772218,0.2,28803.86109,3,5,4.94725341
SX,Sockeye,02E,2003,10000,1.18286736,11828.6736,1.010661793,11954.78847,2,23909.57694,5977.394234,0.2,29886.97117,5977.394234,0.2,29886.97117,3,4.227016628,4.94725341
SX,Sockeye,02E,2004,11712,1.18286736,13853.74252,1.010661793,14001.44825,2,28002.89651,7000.724127,0.2,35003.62063,7000.724127,0.2,35003.62063,3,4.227016628,4.94725341
SX,Sockeye,02E,2005,4432,1,4432,1.010661793,4479.253065,2,8958.506131,2239.626533,0.2,11198.13266,2239.626533,0.2,11198.13266,3,5,4.94725341
SX,Sockeye,02E,2006,14049,1,14049,1.010661793,14198.78753,2,28397.57505,7099.393763,0.2,35496.96881,7099.393763,0.2,35496.96881,3,5,4.94725341
SX,Sockeye,02E,2007,5116,1.18286736,6051.549415,1.010661793,6116.06978,2,12232.13956,3058.03489,0.2,15290.17445,3058.03489,0.2,15290.17445,3,4.227016628,4.94725341
SX,Sockeye,02E,2008,8212,1.18286736,9713.706762,1.010661793,9817.27229,2,19634.54458,4908.636145,0.2,24543.18072,4908.636145,0.2,24543.18072,3,4.227016628,4.94725341
SX,Sockeye,02E,2009,13463,1.18286736,15924.94327,1.010661793,16094.73171,2,32189.46343,8047.365857,0.2,40236.82929,8047.365857,0.2,40236.82929,3,4.227016628,4.94725341
SX,Sockeye,02E,2010,18625,1,18625,1.010661793,18823.57589,2,37647.15178,9411.787945,0.2,47058.93972,9411.787945,0.2,47058.93972,3,5,4.94725341
SX,Sockeye,02E,2011,31226,1.12637051,35172.04554,1.010661793,35547.04259,2,71094.08519,17773.5213,0.2,88867.60649,17773.5213,0.2,88867.60649,3,4.439036673,4.94725341
SX,Sockeye,02E,2012,10122,1.12637051,11401.1223,1.010661793,11522.6787,2,23045.3574,5761.339351,0.2,28806.69675,5761.339351,0.2,28806.69675,3,4.439036673,4.94725341
SX,Sockeye,02E,2013,9000,1.12637051,10137.33459,1.010661793,10245.41675,2,20490.83349,5122.708374,0.2,25613.54187,5122.708374,0.2,25613.54187,3,4.439036673,4.94725341
SX,Sockeye,02E,2014,23100,1,23100,1.010661793,23346.28741,2,46692.57482,11673.14371,0.2,58365.71853,11673.14371,0.2,58365.71853,3,5,4.94725341
SX,Sockeye,02E,2015,26500,1,26500,1.010661793,26782.53751,2,53565.07501,13391.26875,0.2,66956.34377,13391.26875,0.2,66956.34377,3,5,4.94725341
SX,Sockeye,02E,2016,17500,1,17500,1.010661793,17686.58137,2,35373.16274,8843.290686,0.2,44216.45343,8843.290686,0.2,44216.45343,3,5,4.94725341
SX,Sockeye,02E,2017,12000,1.12637051,13516.44612,1.010661793,13660.55566,2,27321.11133,6830.277832,0.2,34151.38916,6830.277832,0.2,34151.38916,3,4.439036673,4.94725341
SX,Sockeye,02W,1960,6000,1,6000,1.230314128,7381.884768,2,14763.76954,3690.942384,0.2,18454.71192,3690.942384,0.2,18454.71192,3,5,4.06400275
SX,Sockeye,02W,1961,5000,1,5000,1.230314128,6151.57064,2,12303.14128,3075.78532,0.2,15378.9266,3075.78532,0.2,15378.9266,3,5,4.06400275
SX,Sockeye,02W,1962,3500,1,3500,1.230314128,4306.099448,2,8612.198896,2153.049724,0.2,10765.24862,2153.049724,0.2,10765.24862,3,5,4.06400275
SX,Sockeye,02W,1963,7500,1,7500,1.230314128,9227.35596,2,18454.71192,4613.67798,0.2,23068.3899,4613.67798,0.2,23068.3899,3,5,4.06400275
SX,Sockeye,02W,1964,1500,1,1500,1.230314128,1845.471192,2,3690.942384,922.735596,0.2,4613.67798,922.735596,0.2,4613.67798,3,5,4.06400275
SX,Sockeye,02W,1965,7500,1,7500,1.230314128,9227.35596,2,18454.71192,4613.67798,0.2,23068.3899,4613.67798,0.2,23068.3899,3,5,4.06400275
SX,Sockeye,02W,1966,7500,1,7500,1.230314128,9227.35596,2,18454.71192,4613.67798,0.2,23068.3899,4613.67798,0.2,23068.3899,3,5,4.06400275
SX,Sockeye,02W,1967,7000,1,7000,1.230314128,8612.198896,2,17224.39779,4306.099448,0.2,21530.49724,4306.099448,0.2,21530.49724,3,5,4.06400275
SX,Sockeye,02W,1968,7000,1,7000,1.230314128,8612.198896,2,17224.39779,4306.099448,0.2,21530.49724,4306.099448,0.2,21530.49724,3,5,4.06400275
SX,Sockeye,02W,1969,8000,1,8000,1.230314128,9842.513024,2,19685.02605,4921.256512,0.2,24606.28256,4921.256512,0.2,24606.28256,3,5,4.06400275
SX,Sockeye,02W,1970,2500,1,2500,1.230314128,3075.78532,2,6151.57064,1537.89266,0.2,7689.4633,1537.89266,0.2,7689.4633,3,5,4.06400275
SX,Sockeye,02W,1971,3000,1,3000,1.230314128,3690.942384,2,7381.884768,1845.471192,0.2,9227.35596,1845.471192,0.2,9227.35596,3,5,4.06400275
SX,Sockeye,02W,1972,5000,1,5000,1.230314128,6151.57064,2,12303.14128,3075.78532,0.2,15378.9266,3075.78532,0.2,15378.9266,3,5,4.06400275
SX,Sockeye,02W,1973,4000,1,4000,1.230314128,4921.256512,2,9842.513024,2460.628256,0.2,12303.14128,2460.628256,0.2,12303.14128,3,5,4.06400275
SX,Sockeye,02W,1974,2000,1,2000,1.230314128,2460.628256,2,4921.256512,1230.314128,0.2,6151.57064,1230.314128,0.2,6151.57064,3,5,4.06400275
SX,Sockeye,02W,1975,,,,,,,,,,,,,,,,
SX,Sockeye,02W,1976,1000,1,1000,1.230314128,1230.314128,2,2460.628256,615.157064,0.2,3075.78532,615.157064,0.2,3075.78532,3,5,4.06400275
SX,Sockeye,02W,1977,,,,,,,,,,,,,,,,
SX,Sockeye,02W,1978,3000,1,3000,1.230314128,3690.942384,2,7381.884768,1845.471192,0.2,9227.35596,1845.471192,0.2,9227.35596,3,5,4.06400275
SX,Sockeye,02W,1979,2000,1,2000,1.230314128,2460.628256,2,4921.256512,1230.314128,0.2,6151.57064,1230.314128,0.2,6151.57064,3,5,4.06400275
SX,Sockeye,02W,1980,3000,1,3000,1.230314128,3690.942384,2,7381.884768,1845.471192,0.2,9227.35596,1845.471192,0.2,9227.35596,3,5,4.06400275
SX,Sockeye,02W,1981,3500,1,3500,1.230314128,4306.099448,2,8612.198896,2153.049724,0.2,10765.24862,2153.049724,0.2,10765.24862,3,5,4.06400275
SX,Sockeye,02W,1982,4000,1,4000,1.230314128,4921.256512,2,9842.513024,2460.628256,0.2,12303.14128,2460.628256,0.2,12303.14128,3,5,4.06400275
SX,Sockeye,02W,1983,3000,1,3000,1.230314128,3690.942384,2,7381.884768,1845.471192,0.2,9227.35596,1845.471192,0.2,9227.35596,3,5,4.06400275
SX,Sockeye,02W,1984,1500,1,1500,1.230314128,1845.471192,2,3690.942384,922.735596,0.2,4613.67798,922.735596,0.2,4613.67798,3,5,4.06400275
SX,Sockeye,02W,1985,1000,1,1000,1.230314128,1230.314128,2,2460.628256,615.157064,0.2,3075.78532,615.157064,0.2,3075.78532,3,5,4.06400275
SX,Sockeye,02W,1986,3000,1,3000,1.230314128,3690.942384,2,7381.884768,1845.471192,0.2,9227.35596,1845.471192,0.2,9227.35596,3,5,4.06400275
SX,Sockeye,02W,1987,3000,1,3000,1.230314128,3690.942384,2,7381.884768,1845.471192,0.2,9227.35596,1845.471192,0.2,9227.35596,3,5,4.06400275
SX,Sockeye,02W,1988,800,1,800,1.230314128,984.2513024,2,1968.502605,492.1256512,0.2,2460.628256,492.1256512,0.2,2460.628256,3,5,4.06400275
SX,Sockeye,02W,1989,,,,,,,,,,,,,,,,
SX,Sockeye,02W,1990,,,,,,,,,,,,,,,,
SX,Sockeye,02W,1991,,,,,,,,,,,,,,,,
SX,Sockeye,02W,1992,,,,,,,,,,,,,,,,
SX,Sockeye,02W,1993,1000,1,1000,1.230314128,1230.314128,2,2460.628256,615.157064,0.2,3075.78532,615.157064,0.2,3075.78532,3,5,4.06400275
SX,Sockeye,02W,1994,1500,1,1500,1.230314128,1845.471192,2,3690.942384,922.735596,0.2,4613.67798,922.735596,0.2,4613.67798,3,5,4.06400275
SX,Sockeye,02W,1995,1800,1,1800,1.230314128,2214.56543,2,4429.130861,1107.282715,0.2,5536.413576,1107.282715,0.2,5536.413576,3,5,4.06400275
SX,Sockeye,02W,1996,,,,,,,,,,,,,,,,
SX,Sockeye,02W,1997,,,,,,,,,,,,,,,,
SX,Sockeye,02W,1998,4000,1,4000,1.230314128,4921.256512,2,9842.513024,2460.628256,0.2,12303.14128,2460.628256,0.2,12303.14128,3,5,4.06400275
SX,Sockeye,02W,1999,3000,1,3000,1.230314128,3690.942384,2,7381.884768,1845.471192,0.2,9227.35596,1845.471192,0.2,9227.35596,3,5,4.06400275
SX,Sockeye,02W,2000,3000,1,3000,1.230314128,3690.942384,2,7381.884768,1845.471192,0.2,9227.35596,1845.471192,0.2,9227.35596,3,5,4.06400275
SX,Sockeye,02W,2001,2500,1,2500,1.230314128,3075.78532,2,6151.57064,1537.89266,0.2,7689.4633,1537.89266,0.2,7689.4633,3,5,4.06400275
SX,Sockeye,02W,2002,1500,1,1500,1.230314128,1845.471192,2,3690.942384,922.735596,0.2,4613.67798,922.735596,0.2,4613.67798,3,5,4.06400275
SX,Sockeye,02W,2003,3500,1,3500,1.230314128,4306.099448,2,8612.198896,2153.049724,0.2,10765.24862,2153.049724,0.2,10765.24862,3,5,4.06400275
SX,Sockeye,02W,2004,1000,1,1000,1.230314128,1230.314128,2,2460.628256,615.157064,0.2,3075.78532,615.157064,0.2,3075.78532,3,5,4.06400275
SX,Sockeye,02W,2005,3000,1,3000,1.230314128,3690.942384,2,7381.884768,1845.471192,0.2,9227.35596,1845.471192,0.2,9227.35596,3,5,4.06400275
SX,Sockeye,02W,2006,3000,1,3000,1.230314128,3690.942384,2,7381.884768,1845.471192,0.2,9227.35596,1845.471192,0.2,9227.35596,3,5,4.06400275
SX,Sockeye,02W,2007,2500,1,2500,1.230314128,3075.78532,2,6151.57064,1537.89266,0.2,7689.4633,1537.89266,0.2,7689.4633,3,5,4.06400275
SX,Sockeye,02W,2008,1500,1,1500,1.230314128,1845.471192,2,3690.942384,922.735596,0.2,4613.67798,922.735596,0.2,4613.67798,3,5,4.06400275
SX,Sockeye,02W,2009,,,,,,,,,,,,,,,,
SX,Sockeye,02W,2010,5000,1,5000,1.230314128,6151.57064,2,12303.14128,3075.78532,0.2,15378.9266,3075.78532,0.2,15378.9266,3,5,4.06400275
SX,Sockeye,02W,2011,,,,,,,,,,,,,,,,
SX,Sockeye,02W,2012,5000,1,5000,1.230314128,6151.57064,2,12303.14128,3075.78532,0.2,15378.9266,3075.78532,0.2,15378.9266,3,5,4.06400275
SX,Sockeye,02W,2013,7000,1,7000,1.230314128,8612.198896,2,17224.39779,4306.099448,0.2,21530.49724,4306.099448,0.2,21530.49724,3,5,4.06400275
SX,Sockeye,02W,2014,2000,1,2000,1.230314128,2460.628256,2,4921.256512,1230.314128,0.2,6151.57064,1230.314128,0.2,6151.57064,3,5,4.06400275
SX,Sockeye,02W,2015,2000,1,2000,1.230314128,2460.628256,2,4921.256512,1230.314128,0.2,6151.57064,1230.314128,0.2,6151.57064,3,5,4.06400275
SX,Sockeye,02W,2016,5000,1,5000,1.230314128,6151.57064,2,12303.14128,3075.78532,0.2,15378.9266,3075.78532,0.2,15378.9266,3,5,4.06400275
SX,Sockeye,02W,2017,2500,1,2500,1.230314128,3075.78532,2,6151.57064,1537.89266,0.2,7689.4633,1537.89266,0.2,7689.4633,3,5,4.06400275
SX,Sockeye,3,1960,,,,,,,,,,,,,,,,
SX,Sockeye,3,1961,,,,,,,,,,,,,,,,
SX,Sockeye,3,1962,,,,,,,,,,,,,,,,
SX,Sockeye,3,1963,,,,,,,,,,,,,,,,
SX,Sockeye,3,1964,,,,,,,,,,,,,,,,
SX,Sockeye,3,1965,,,,,,,,,,,,,,,,
SX,Sockeye,3,1966,,,,,,,,,,,,,,,,
SX,Sockeye,3,1967,,,,,,,,,,,,,,,,
SX,Sockeye,3,1968,,,,,,,,,,,,,,,,
SX,Sockeye,3,1969,,,,,,,,,,,,,,,,
SX,Sockeye,3,1970,,,,,,,,,,,,,,,,
SX,Sockeye,3,1971,,,,,,,,,,,,,,,,
SX,Sockeye,3,1972,,,,,,,,,,,,,,,,
SX,Sockeye,3,1973,,,,,,,,,,,,,,,,
SX,Sockeye,3,1974,,,,,,,,,,,,,,,,
SX,Sockeye,3,1975,,,,,,,,,,,,,,,,
SX,Sockeye,3,1976,,,,,,,,,,,,,,,,
SX,Sockeye,3,1977,,,,,,,,,,,,,,,,
SX,Sockeye,3,1978,,,,,,,,,,,,,,,,
SX,Sockeye,3,1979,,,,,,,,,,,,,,,,
SX,Sockeye,3,1980,,,,,,,,,,,,,,,,
SX,Sockeye,3,1981,,,,,,,,,,,,,,,,
SX,Sockeye,3,1982,350008,1,350008,1,350008,1,350008,412905,0.44844043,762887,570749,0.619869303,920757,4.5,5,5
SX,Sockeye,3,1983,209432,1,209432,1,209432,1,209432,238419,0.38743929,447874,405939,0.65966547,615371,4.5,5,5
SX,Sockeye,3,1984,201970,1,201970,1,201970,1,201970,198506,0.365551159,400490,341062,0.628069801,543032,4.5,5,5
SX,Sockeye,3,1985,407042,1,407042,1,407042,1,407042,252625,0.300278477,659672,434261,0.516176693,841303,4.5,5,5
SX,Sockeye,3,1986,213695,1,213695,1,213695,1,213695,164532,0.249714319,378228,445186,0.67566981,658881,4.5,5,5
SX,Sockeye,3,1987,210166,1,210166,1,210166,1,210166,202421,0.359624877,412563,352701,0.626615168,562867,4.5,5,5
SX,Sockeye,3,1988,155793,1,155793,1,155793,1,155793,103386,0.257729311,259195,245347,0.611624371,401140,4.5,5,5
SX,Sockeye,3,1989,127418,1,127418,1,127418,1,127418,235493,0.401394821,362884,459268,0.782817384,586686,4.5,5,5
SX,Sockeye,3,1990,177461,1,177461,1,177461,1,177461,108705,0.236508368,286161,282162,0.613898782,459623,4.5,5,5
SX,Sockeye,3,1991,308716,1,308716,1,308716,1,308716,417918,0.435787962,726632,650278,0.678083492,958994,4.5,5,5
SX,Sockeye,3,1992,672844,1,672844,1,672844,1,672844,899376,0.458845655,1572315,1287240,0.656726957,1960084,4.5,5,5
SX,Sockeye,3,1993,538263,1,538263,1,538263,1,538263,1047284,0.486976455,1585605,1612321,0.749713101,2150584,4.5,5,5
SX,Sockeye,3,1994,310044,1,310044,1,310044,1,310044,279690,0.334102798,589758,527094,0.629638124,837138,4.5,5,5
SX,Sockeye,3,1995,264689,1,264689,1,264689,1,264689,589876,0.504715759,854566,904041,0.773524253,1168730,4.5,5,5
SX,Sockeye,3,1996,217909,1,217909,1,217909,1,217909,476012,0.451454569,693967,836488,0.793333061,1054397,4.5,5,5
SX,Sockeye,3,1997,250460,1,250460,1,250460,1,250460,323476,0.325179737,573929,744301,0.748220929,994761,4.5,5,5
SX,Sockeye,3,1998,266463,1,266463,1,266463,1,266463,179861,0.252691174,446293,445320,0.625640118,711783,4.5,5,5
SX,Sockeye,3,1999,210959,1,210959,1,210959,1,210959,434358,0.51537013,645348,631848,0.74969477,842807,4.5,5,5
SX,Sockeye,3,2000,204408,1,204408,1,204408,1,204408,335061,0.535256244,539491,421575,0.673460781,625983,4.5,5,5
SX,Sockeye,3,2001,167258,1,167258,1,167258,1,167258,211568,0.362345724,378850,416627,0.713542907,583885,4.5,5,5
SX,Sockeye,3,2002,405474,1,405474,1,405474,1,405474,873058,0.621847097,1278576,998502,0.711195918,1403976,4.5,5,5
SX,Sockeye,3,2003,263688,1,263688,1,263688,1,263688,760289,0.647526044,1024018,910457,0.775421264,1174145,4.5,5,5
SX,Sockeye,3,2004,215860,1,215860,1,215860,1,215860,468249,0.475869109,684087,768128,0.780627406,983988,4.5,5,5
SX,Sockeye,3,2005,224562,1,224562,1,224562,1,224562,296961,0.445861796,521511,441476,0.662839057,666038,4.5,5,5
SX,Sockeye,3,2006,250641,1,250641,1,250641,1,250641,375612,0.491272727,626226,513929,0.672180441,764570,4.5,5,5
SX,Sockeye,3,2007,164745,1,164745,1,164745,1,164745,185034,0.307806028,349782,436392,0.725944335,601137,4.5,5,5
SX,Sockeye,3,2008,218376,1,218376,1,218376,1,218376,115940,0.304600192,334330,162255,0.426278995,380631,4.5,5,5
SX,Sockeye,3,2009,244900,1,244900,1,244900,1,244900,178994,0.311460171,423884,329792,0.573858693,574692,4.5,5,5
SX,Sockeye,3,2010,229010,1,229010,1,229010,1,229010,162533,0.371340947,391525,208681,0.476776996,437691,4.5,5,5
SX,Sockeye,3,2011,276700,1,276700,1,276700,1,276700,180766,0.325532549,457466,278594,0.501705403,555294,4.5,5,5
SX,Sockeye,3,2012,203030,1,203030,1,203030,1,203030,211019,0.447558935,414045,268459,0.5693855,471489,4.5,5,5
SX,Sockeye,3,2013,210120,1,210120,1,210120,1,210120,224189,0.44710552,434318,291304,0.580953445,501424,4.5,5,5
SX,Sockeye,3,2014,260102,1,260102,1,260102,1,260102,223793,0.407323791,483874,289321,0.526590623,549423,4.5,5,5
SX,Sockeye,3,2015,389508,1,389508,1,389508,1,389508,363014,0.417530228,752536,479924,0.551997166,869432,4.5,5,5
SX,Sockeye,3,2016,276417,1,276417,1,276417,1,276417,85646,0.19358496,362060,166003,0.375215858,442420,4.5,5,5
SX,Sockeye,3,2017,227908,1,227908,1,227908,1,227908,106554,0.293909859,334460,134631,0.371355909,362539,4.5,5,5
SX,Sockeye,4,1960,302858,1,302858,1,302858,1,302858,280987,0.420357831,583845,365589,0.546922809,668447.1635,4,5,5
SX,Sockeye,4,1961,1059602,1,1059602,1,1059602,1,1059602,1092422,0.498186552,2152024,1133195,0.516780612,2192797.045,4,5,5
SX,Sockeye,4,1962,627279,1,627279,1,627279,1,627279,711623,0.493770251,1338902,813924,0.564753328,1441202.663,4,5,5
SX,Sockeye,4,1963,695943,1,695943,1,695943,1,695943,275519,0.258680425,971462,369151,0.346590026,1065094.123,4,5,5
SX,Sockeye,4,1964,957212,1,957212,1,957212,1,957212,991159,0.469922097,1948371,1151987,0.546172861,2109198.538,4,5,5
SX,Sockeye,4,1965,717593,1,717593,1,717593,1,717593,457612,0.341789635,1175205,621277,0.464030748,1338870.327,4,5,5
SX,Sockeye,4,1966,463390,1,463390,1,463390,1,463390,790009,0.607630518,1253399,836757,0.643586452,1300147.008,4,5,5
SX,Sockeye,4,1967,703027,1,703027,1,703027,1,703027,1440584,0.601267711,2143611,1692884,0.706572118,2395911.127,4,5,5
SX,Sockeye,4,1968,650067,1,650067,1,650067,1,650067,1013449,0.584177461,1663516,1084764,0.625285218,1734830.712,4,5,5
SX,Sockeye,4,1969,720751,1,720751,1,720751,1,720751,688711,0.46461067,1409462,761589,0.513774828,1482340.043,4,5,5
SX,Sockeye,4,1970,754840,1,754840,1,754840,1,754840,775414,0.495498266,1530254,810078,0.517648952,1564917.687,4,5,5
SX,Sockeye,4,1971,914114,1,914114,1,914114,1,914114,1129501,0.542150272,2043615,1169259,0.561233752,2083372.562,4,5,5
SX,Sockeye,4,1972,775511,1,775511,1,775511,1,775511,947891,0.519174958,1723402,1050253,0.575240252,1825764.1,4,5,5
SX,Sockeye,4,1973,912274,1,912274,1,912274,1,912274,1527232,0.600780019,2439506,1629808,0.641131198,2542081.878,4,5,5
SX,Sockeye,4,1974,805165,1,805165,1,805165,1,805165,1720711,0.652746244,2525876,1830945,0.694563161,2636110.151,4,5,5
SX,Sockeye,4,1975,914984,1,914984,1,914984,1,914984,670313,0.415906786,1585297,696706,0.432282759,1611690.464,4,5,5
SX,Sockeye,4,1976,648062,1,648062,1,648062,1,648062,841775,0.537140765,1489837,919078,0.586468189,1567140.414,4,5,5
SX,Sockeye,4,1977,1058658,1,1058658,1,1058658,1,1058658,1367329,0.525945181,2425987,1541098,0.592785691,2599755.734,4,5,5
SX,Sockeye,4,1978,471683,1,471683,1,471683,1,471683,654500,0.532049351,1126183,758466,0.616564314,1230149.043,4,5,5
SX,Sockeye,4,1979,1297161,1,1297161,1,1297161,1,1297161,1576651,0.515950987,2873812,1758654,0.575510539,3055815.457,4,5,5
SX,Sockeye,4,1980,602807,1,602807,1,602807,1,602807,669200,0.435345856,1272007,934362,0.607846122,1537168.646,4,5,5
SX,Sockeye,4,1981,1584095,1,1584095,1,1584095,1,1584095,2050033,0.533092227,3634128,2261455,0.588070574,3845550.347,4,5,5
SX,Sockeye,4,1982,1236130,1,1236130,1,1236130,1,1236130,2260821,0.600493377,3497062,2528809,0.671693377,3764939,4,5,5
SX,Sockeye,4,1983,972826,1,972826,1,972826,1,972826,681668,0.346528806,1654439,994305,0.505428806,1967131,4,5,5
SX,Sockeye,4,1984,1116849,1,1116849,1,1116849,1,1116849,1093952,0.450601949,2210786,1310909,0.540001949,2427758,4,5,5
SX,Sockeye,4,1985,2289974,1,2289974,1,2289974,1,2289974,2557856,0.479216994,4847635,3047599,0.571016994,5337573,4,5,5
SX,Sockeye,4,1986,809032,1,809032,1,809032,1,809032,756533,0.410542505,1565615,1033732,0.560942505,1842764,4,5,5
SX,Sockeye,4,1987,1429469,1,1429469,1,1429469,1,1429469,871292,0.362971403,2300706,970974,0.404471403,2400443,4,5,5
SX,Sockeye,4,1988,1500179,1,1500179,1,1500179,1,1500179,2000304,0.499738863,3500494,2502519,0.625238863,4002698,4,5,5
SX,Sockeye,4,1989,1210547,1,1210547,1,1210547,1,1210547,1045996,0.397272986,2256525,1422393,0.540272986,2632940,4,5,5
SX,Sockeye,4,1990,1054411,1,1054411,1,1054411,1,1054411,1209086,0.444194769,2263386,1667562,0.612594769,2721973,4,5,5
SX,Sockeye,4,1991,1385427,1,1385427,1,1385427,1,1385427,1757278,0.467416956,3142614,2374124,0.631516956,3759551,4,5,5
SX,Sockeye,4,1992,1376779,1,1376779,1,1376779,1,1376779,2112840,0.50312111,3489683,2822688,0.67212111,4199467,4,5,5
SX,Sockeye,4,1993,1779457,1,1779457,1,1779457,1,1779457,2431339,0.511451738,4210745,2974342,0.625651738,4753799,4,5,5
SX,Sockeye,4,1994,1152645,1,1152645,1,1152645,1,1152645,1023826,0.376414544,2176552,1567297,0.576214544,2719942,4,5,5
SX,Sockeye,4,1995,1887682,1,1887682,1,1887682,1,1887682,3128388,0.557643588,5016033,3722332,0.663543588,5610014,4,5,5
SX,Sockeye,4,1996,1956075,1,1956075,1,1956075,1,1956075,4932367,0.658842637,6888624,5530337,0.738742637,7486412,4,5,5
SX,Sockeye,4,1997,1021097,1,1021097,1,1021097,1,1021097,2102178,0.559170979,3123140,2738357,0.728370979,3759454,4,5,5
SX,Sockeye,4,1998,582320,1,582320,1,582320,1,582320,242374,0.241679995,824734,420552,0.419379995,1002872,4,5,5
SX,Sockeye,4,1999,723634,1,723634,1,723634,1,723634,139934,0.150750862,863580,204610,0.220450862,928245,4,5,5
SX,Sockeye,4,2000,1441941,1,1441941,1,1441941,1,1441941,3009208,0.641315322,4450986,3250303,0.692715322,4692244,4,5,5
SX,Sockeye,4,2001,1471650,1,1471650,1,1471650,1,1471650,2449324,0.558350415,3920838,2915064,0.664550415,4386714,4,5,5
SX,Sockeye,4,2002,646430,1,646430,1,646430,1,646430,680500,0.495801574,1326952,726095,0.529001574,1372525,4,5,5
SX,Sockeye,4,2003,1351592,1,1351592,1,1351592,1,1351592,619858,0.293062737,1971389,763513,0.360962737,2115105,4,5,5
SX,Sockeye,4,2004,982554,1,982554,1,982554,1,982554,454766,0.279880867,1437274,642300,0.395280867,1624854,4,5,5
SX,Sockeye,4,2005,748161,1,748161,1,748161,1,748161,175375,0.158979227,923488,354969,0.321779227,1103130,4,5,5
SX,Sockeye,4,2006,1226790,1,1226790,1,1226790,1,1226790,1416323,0.5006539,2643035,1602157,0.5663539,2828947,4,5,5
SX,Sockeye,4,2007,1118506,1,1118506,1,1118506,1,1118506,637953,0.297487923,1756404,1025960,0.478387923,2144466,4,5,5
SX,Sockeye,4,2008,934605,1,934605,1,934605,1,934605,1160135,0.543196143,2094733,1201152,0.562396143,2135757,4,5,5
SX,Sockeye,4,2009,787481,1,787481,1,787481,1,787481,169733,0.165417314,957201,238611,0.232517314,1026092,4,5,5
SX,Sockeye,4,2010,681072,1,681072,1,681072,1,681072,232679,0.243736939,913769,273560,0.286536939,954632,4,5,5
SX,Sockeye,4,2011,1007728,1,1007728,1,1007728,1,1007728,778400,0.404293702,1786108,917604,0.476593702,1925332,4,5,5
SX,Sockeye,4,2012,1248102,1,1248102,1,1248102,1,1248102,946109,0.419638537,2194326,1006480,0.446438537,2254582,4,5,5
SX,Sockeye,4,2013,423159,1,423159,1,423159,1,423159,39928,0.083175914,463102,56886,0.118475914,480045,4,5,5
SX,Sockeye,4,2014,1633355,1,1633355,1,1633355,1,1633355,1198789,0.366176034,2832136,1640451,0.501076034,3273806,4,5,5
SX,Sockeye,4,2015,1316453,1,1316453,1,1316453,1,1316453,503741,0.234685312,1820166,829998,0.386685312,2146451,4,5,5
SX,Sockeye,4,2016,962182,1,962182,1,962182,1,962182,403180,0.237466547,1365339,735657,0.433266547,1697839,4,5,5
SX,Sockeye,4,2017,939442,1,939442,1,939442,1,939442,50440,0.047850216,989841,114671,0.108750216,1054113,4,5,5
SX,Sockeye,5,1960,18200,1.006443299,18317.26804,1.314410673,24076.41262,2,48152.82524,7393.593928,0.127977636,55546.41917,9619.721234,0.166510251,57772.54648,1.25,4.967989757,3.803986152
SX,Sockeye,5,1961,36200,1,36200,1.314410673,47581.66638,2,95163.33276,17128.55972,0.151672534,112291.8925,17767.85732,0.157333482,112931.1901,1.25,5,3.803986152
SX,Sockeye,5,1962,33450,1,33450,1.314410673,43967.03703,2,87934.07405,15963.73792,0.150327994,103897.812,18258.64176,0.17193874,106192.7158,1.25,5,3.803986152
SX,Sockeye,5,1963,79200,1,79200,1.314410673,104101.3253,2,208202.6507,18331.31753,0.078755067,226533.9682,24561.0074,0.105519081,232763.6581,1.25,5,3.803986152
SX,Sockeye,5,1964,38200,1,38200,1.314410673,50210.48772,2,100420.9754,17232.41042,0.143067441,117653.3859,20028.5855,0.16628193,120449.561,1.25,5,3.803986152
SX,Sockeye,5,1965,35700,1,35700,1.314410673,46924.46104,2,93848.92208,11372.30284,0.104057606,105221.2249,15439.60865,0.141273824,109288.5307,1.25,5,3.803986152
SX,Sockeye,5,1966,77400,1,77400,1.314410673,101735.3861,2,203470.7722,46813.14142,0.184992669,250283.9137,49583.2627,0.195939427,253054.0349,1.25,5,3.803986152
SX,Sockeye,5,1967,19950,1,19950,1.314410673,26222.49293,2,52444.98587,12231.53522,0.183055517,64676.52109,14373.73334,0.215115368,66818.71921,1.25,5,3.803986152
SX,Sockeye,5,1968,38700,1,38700,1.314410673,50867.69306,2,101735.3861,22348.27011,0.177852403,124083.6562,23920.88687,0.19036763,125656.273,1.25,5,3.803986152
SX,Sockeye,5,1969,13000,1.006443299,13083.76289,1.314410673,17197.43759,2,34394.87517,5767.27613,0.141450381,40162.1513,6377.557582,0.156418373,40772.43276,1.25,4.967989757,3.803986152
SX,Sockeye,5,1970,11150,1.051851852,11728.14815,1.314410673,15415.60311,2,30831.20621,5521.131965,0.150854087,36352.33818,5767.947883,0.157597847,36599.15409,1.25,4.753521127,3.803986152
SX,Sockeye,5,1971,21000,1.006443299,21135.30928,1.314410673,27780.4761,2,55560.9522,11060.63877,0.165057256,66621.59097,11449.96899,0.170867208,67010.9212,1.25,4.967989757,3.803986152
SX,Sockeye,5,1972,17650,1.006443299,17763.72423,1.314410673,23348.82872,2,46697.65745,8948.269202,0.158062438,55645.92665,9914.585722,0.175131476,56612.24317,1.25,4.967989757,3.803986152
SX,Sockeye,5,1973,20800,1.006443299,20934.02062,1.314410673,27515.90014,2,55031.80028,12506.96164,0.18290704,67538.76192,13346.98732,0.195191927,68378.7876,1.25,4.967989757,3.803986152
SX,Sockeye,5,1974,18750,1.174612724,22023.98857,1.314410673,28948.56565,2,57897.13129,14591.24086,0.198728119,72488.37215,15526.0003,0.211459249,73423.13159,1.25,4.256722151,3.803986152
SX,Sockeye,5,1975,42500,2.301119623,97797.58397,1.314410673,128546.1882,2,257092.3764,37487.32208,0.126622518,294579.6985,38963.35327,0.131608172,296055.7297,1.25,2.172855314,3.803986152
SX,Sockeye,5,1976,5550,2.015483871,11185.93548,1.314410673,14702.91299,2,29405.82598,5854.033514,0.163532115,35259.8595,6391.628896,0.178549814,35797.45488,1.25,2.480793854,3.803986152
SX,Sockeye,5,1977,7000,2.301119623,16107.83736,1.314410673,21172.31335,2,42344.6267,8273.524458,0.160123628,50618.15116,9324.97738,0.180473173,51669.60408,1.25,2.172855314,3.803986152
SX,Sockeye,5,1978,16000,1.051851852,16829.62963,1.314410673,22121.04481,2,44242.08963,8822.522012,0.161982038,53064.61164,10223.96177,0.187712557,54466.0514,1.25,4.753521127,3.803986152
SX,Sockeye,5,1979,7700,1.37524212,10589.36432,1.314410673,13918.77349,2,27837.54699,5301.673117,0.157080903,33139.2201,5913.67946,0.175213765,33751.22645,1.25,3.635723431,3.803986152
SX,Sockeye,5,1980,10000,1.13936001,11393.6001,1.314410673,14975.86957,2,29951.73915,4871.299869,0.132540729,34823.03902,6801.490569,0.18505831,36753.22972,1.25,4.388428554,3.803986152
SX,Sockeye,5,1981,11700,1.13936001,13330.51211,1.314410673,17521.7674,2,35043.53481,6927.905612,0.162299541,41971.44042,7642.387603,0.179037659,42685.92241,1.25,4.388428554,3.803986152
SX,Sockeye,5,1982,17000,1.7002867,28904.8739,1.314410673,37992.87476,2,75985.74953,13193.93637,0.145654587,89179.6859,14597.98424,0.161154587,90583.73377,1.25,2.940680534,3.803986152
SX,Sockeye,5,1983,8100,1.018310842,8248.317817,1.314410673,10841.67698,2,21683.35395,1258.085063,0.053775102,22941.43902,1711.954038,0.073175102,23395.30799,1.25,4.910092082,3.803986152
SX,Sockeye,5,1984,13300,1.018310842,13543.53419,1.314410673,17801.7659,2,35603.5318,4318.427796,0.105856864,39921.9596,5191.440196,0.127256864,40794.972,1.25,4.910092082,3.803986152
SX,Sockeye,5,1985,31800,1,31800,1.314410673,41798.25941,2,83596.51883,20667.83876,0.19548984,104264.3576,22126.82085,0.20928984,105723.3397,1.25,5,3.803986152
SX,Sockeye,5,1986,13000,1,13000,1.314410673,17087.33875,2,34174.67751,5657.389213,0.136761673,39832.06672,7192.09653,0.173861673,41366.77404,1.25,5,3.803986152
SX,Sockeye,5,1987,21000,1.018310842,21384.52767,1.314410673,28108.05142,2,56216.10284,4700.472157,0.076329095,60916.575,5365.554051,0.087129095,61581.65689,1.25,4.910092082,3.803986152
SX,Sockeye,5,1988,25700,1,25700,1.314410673,33780.35431,2,67560.70861,27790.36637,0.284516516,95351.07498,30115.04941,0.308316516,97675.75802,1.25,5,3.803986152
SX,Sockeye,5,1989,16300,1,16300,1.314410673,21424.89398,2,42849.78795,9693.366854,0.179798023,52543.15481,11062.7452,0.205198023,53912.53315,1.25,5,3.803986152
SX,Sockeye,5,1990,4330,1,4330,1.314410673,5691.398216,2,11382.79643,3169.408981,0.2107392,14552.20541,3656.688286,0.2431392,15039.48472,1.25,5,3.803986152
SX,Sockeye,5,1991,29500,1,29500,1.314410673,38775.11487,2,77550.22973,19438.04288,0.198312053,96988.27261,20467.22616,0.208812053,98017.45589,1.25,5,3.803986152
SX,Sockeye,5,1992,20010,1,20010,1.314410673,26301.35758,2,52602.71515,29413.21944,0.354037668,82015.93459,30476.63512,0.366837668,83079.35027,1.25,5,3.803986152
SX,Sockeye,5,1993,29100,1,29100,1.314410673,38249.3506,2,76498.70119,35180.14501,0.312208112,111678.8462,36183.01226,0.321108112,112681.7135,1.25,5,3.803986152
SX,Sockeye,5,1994,3500,4.837710278,16931.98597,1.314410673,22255.58308,2,44511.16617,13282.7377,0.228312517,57793.90387,13666.7117,0.234912517,58177.87787,1.25,1.033546805,3.803986152
SX,Sockeye,5,1995,7700,2.215052335,17055.90298,1.314410673,22418.46093,2,44836.92185,16749.87337,0.270013632,61586.79522,17196.51411,0.277213632,62033.43596,1.25,2.257283009,3.803986152
SX,Sockeye,5,1996,24000,1.219743254,29273.83809,1.314410673,38477.84524,2,76955.69049,32596.16938,0.290251241,109551.8599,35347.59999,0.314751241,112303.2905,1.25,4.099223327,3.803986152
SX,Sockeye,5,1997,25600,1.169144401,29930.09667,1.314410673,39340.43852,2,78680.87703,56923.95222,0.410207265,135604.8292,60087.87987,0.433007265,138768.7569,1.25,4.276631694,3.803986152
SX,Sockeye,5,1998,6450,2.046433033,13199.49306,1.314410673,17349.55456,2,34699.10913,6202.16402,0.149650982,40901.27315,6745.082936,0.162750982,41444.19207,1.25,2.443275651,3.803986152
SX,Sockeye,5,1999,17500,1.169144401,20460.02702,1.314410673,26892.87789,2,53785.75578,8895.645051,0.136866119,62681.40083,11209.47528,0.172466119,64995.23106,1.25,4.276631694,3.803986152
SX,Sockeye,5,2000,14100,1,14100,1.314410673,18533.1905,2,37066.38099,13858.89835,0.271189326,50925.27934,14037.76285,0.274689326,51104.14384,1.25,5,3.803986152
SX,Sockeye,5,2001,18200,1,18200,1.314410673,23922.27426,2,47844.54851,6134.056006,0.112854548,53978.60452,6509.096154,0.119754548,54353.64467,1.25,5,3.803986152
SX,Sockeye,5,2002,3500,2.000527329,7001.845652,1.314410673,9203.300659,2,18406.60132,4879.555517,0.205063165,23286.15684,5388.776605,0.226463165,23795.37792,1.25,2.499341012,3.803986152
SX,Sockeye,5,2003,42700,1,42700,1.314410673,56125.33575,2,112250.6715,14119.22595,0.109237781,126369.8975,17001.55051,0.131537781,129252.222,1.25,5,3.803986152
SX,Sockeye,5,2004,13700,1.561471804,21392.16371,1.314410673,28118.08831,2,56236.17663,8133.395949,0.125331195,64369.57257,8659.047262,0.133431195,64895.22389,1.25,3.202107132,3.803986152
SX,Sockeye,5,2005,14000,1.581077031,22135.07844,1.314410673,29094.58335,2,58189.16671,4615.695543,0.070677878,62804.86225,7116.918611,0.108977878,65306.08532,1.25,3.162401263,3.803986152
SX,Sockeye,5,2006,22600,1.266581637,28624.74501,1.314410673,37624.67036,2,75249.34072,16138.82287,0.175536845,91388.16359,16690.46169,0.181536845,91939.80241,1.25,3.947633419,3.803986152
SX,Sockeye,5,2007,14150,1.180317611,16701.49419,1.314410673,21952.62223,2,43905.24445,3430.088011,0.070731708,47335.33246,4589.102913,0.094631708,48494.34737,1.25,4.236147927,3.803986152
SX,Sockeye,5,2008,2900,2.959149869,8581.534619,1.314410673,11279.6607,2,22559.32139,1481.083961,0.061269266,24040.40536,1614.037434,0.066769266,24173.35883,1.25,1.689674475,3.803986152
SX,Sockeye,5,2009,35,17.33015103,606.5552861,1.314410673,797.262742,2,1594.525484,114.7279152,0.066786046,1709.253399,123.3171282,0.071786046,1717.842612,1.25,0.288514508,3.803986152
SX,Sockeye,5,2010,4810,1.824277115,8774.772921,1.314410673,11533.65518,2,23067.31037,1936.577369,0.07670752,25003.88774,2178.941386,0.08630752,25246.25176,1.25,2.740811667,3.803986152
SX,Sockeye,5,2011,1760,8.577318454,15096.08048,1.314410673,19842.44931,2,39684.89862,3290.91254,0.075503863,42975.81116,3901.116755,0.089503863,43586.01537,1.25,0.582932769,3.803986152
SX,Sockeye,5,2012,22230,1.632253855,36285.00319,1.314410673,47693.39548,2,95386.79097,7150.884923,0.068344315,102537.6759,9243.490553,0.088344315,104630.2815,1.25,3.063249007,3.803986152
SX,Sockeye,5,2013,25460,1.182455615,30105.31995,1.314410673,39570.75387,2,79141.50773,2311.314539,0.028248421,81452.82227,2679.509115,0.032748421,81821.01685,1.25,4.228488527,3.803986152
SX,Sockeye,5,2014,23550,1.210790863,28514.12482,1.314410673,37479.27001,2,74958.54002,5533.891977,0.068049208,80492.432,6363.375516,0.078249208,81321.91554,1.25,4.129532319,3.803986152
SX,Sockeye,5,2015,19465,1.759249455,34243.79064,1.314410673,45010.40392,2,90020.80783,4007.236229,0.042178498,94028.04406,4985.804335,0.052478498,95006.61217,1.25,2.842121102,3.803986152
SX,Sockeye,5,2016,6638,1.155577384,7670.722674,1.314410673,10082.47976,2,20164.95951,1546.06364,0.069630114,21711.02315,2038.991349,0.091830114,22203.95086,1.25,4.326841343,3.803986152
SX,Sockeye,5,2017,13255,1.087467263,14414.37858,1.314410673,18946.41305,2,37892.8261,104.3611026,0.002723477,37997.1872,426.2412685,0.011123477,38319.06737,1.25,4.597839557,3.803986152
SX,Sockeye,6,1960,20025,1.082527101,21677.6052,1.474938466,31973.13375,2,63946.26751,56239,0.467935889,120185.2675,56239,0.467935889,120185.2675,1.888888889,4.618822009,3.389971932
SX,Sockeye,6,1961,45900,1.077815818,49471.74607,1.474938466,72967.78125,2,145935.5625,72139,0.330799701,218074.5625,72139,0.330799701,218074.5625,1.888888889,4.639011521,3.389971932
SX,Sockeye,6,1962,83525,1.082527101,90418.07612,1.474938466,133361.0985,2,266722.1969,86230,0.244310705,352952.1969,86230,0.244310705,352952.1969,1.888888889,4.618822009,3.389971932
SX,Sockeye,6,1963,186475,1.082527101,201864.2412,1.474938466,297737.3342,2,595474.6683,59932,0.091442463,655406.6683,59932,0.091442463,655406.6683,1.888888889,4.618822009,3.389971932
SX,Sockeye,6,1964,43900,1.082527101,47522.93974,1.474938466,70093.41183,2,140186.8237,135179,0.490906962,275365.8237,135179,0.490906962,275365.8237,1.888888889,4.618822009,3.389971932
SX,Sockeye,6,1965,18000,1.164514107,20961.25392,1.474938466,30916.5597,2,61833.11939,79322,0.561949155,141155.1194,79322,0.561949155,141155.1194,1.888888889,4.293636266,3.389971932
SX,Sockeye,6,1966,37290,1.000727351,37317.12292,1.474938466,55040.46003,2,110080.9201,71783,0.394707207,181863.9201,71783,0.394707207,181863.9201,1.888888889,4.996365888,3.389971932
SX,Sockeye,6,1967,47925,1.004787536,48154.44267,1.474938466,71024.8398,2,142049.6796,64726,0.313025207,206775.6796,64726,0.313025207,206775.6796,1.888888889,4.976176376,3.389971932
SX,Sockeye,6,1968,41350,1.004787536,41547.96462,1.474938466,61280.6912,2,122561.3824,74525,0.378133685,197086.3824,74525,0.378133685,197086.3824,1.888888889,4.976176376,3.389971932
SX,Sockeye,6,1969,3500,1.221973684,4276.907895,1.474938466,6308.175969,2,12616.35194,34058,0.729694116,46674.35194,34058,0.729694116,46674.35194,1.888888889,4.091741144,3.389971932
SX,Sockeye,6,1970,16500,1.132008776,18678.14481,1.474938466,27549.11425,2,55098.22849,92712,0.6272367,147810.2285,92712,0.6272367,147810.2285,1.888888889,4.416926887,3.389971932
SX,Sockeye,6,1971,17500,1.10869695,19402.19662,1.474938466,28617.04612,2,57234.09224,32475,0.36200344,89709.09224,32475,0.36200344,89709.09224,1.888888889,4.509798643,3.389971932
SX,Sockeye,6,1972,5100,1.10869695,5654.354444,1.474938466,8339.824869,2,16679.64974,102027,0.859488497,118706.6497,102027,0.859488497,118706.6497,1.888888889,4.509798643,3.389971932
SX,Sockeye,6,1973,21300,1.18095117,25154.25992,1.474938466,37100.98553,2,74201.97107,67029,0.474605531,141230.9711,67029,0.474605531,141230.9711,1.888888889,4.23387531,3.389971932
SX,Sockeye,6,1974,23050,1.082527101,24952.24968,1.474938466,36803.03286,2,73606.06572,57248,0.437495004,130854.0657,57248,0.437495004,130854.0657,1.888888889,4.618822009,3.389971932
SX,Sockeye,6,1975,14725,1.000727351,14735.71024,1.474938466,21734.26586,2,43468.53172,21104,0.326826275,64572.53172,21104,0.326826275,64572.53172,1.888888889,4.996365888,3.389971932
SX,Sockeye,6,1976,7800,1.004787536,7837.342782,1.474938466,11559.59834,2,23119.19668,14662,0.388076644,37781.19668,14662,0.388076644,37781.19668,1.888888889,4.976176376,3.389971932
SX,Sockeye,6,1977,20700,1.004787536,20799.102,1.474938466,30677.39559,2,61354.79118,33214,0.351215233,94568.79118,33214,0.351215233,94568.79118,1.888888889,4.976176376,3.389971932
SX,Sockeye,6,1978,7000,1.004787536,7033.512753,1.474938466,10373.99851,2,20747.99702,56248,0.730531484,76995.99702,56248,0.730531484,76995.99702,1.888888889,4.976176376,3.389971932
SX,Sockeye,6,1979,9800,1.004787536,9846.917855,1.474938466,14523.59791,2,29047.19583,86774,0.749206563,115821.1958,86774,0.749206563,115821.1958,1.888888889,4.976176376,3.389971932
SX,Sockeye,6,1980,14550,1.004787536,14619.65865,1.474938466,21563.0969,2,43126.1938,74390,0.633019141,117516.1938,74390,0.633019141,117516.1938,1.888888889,4.976176376,3.389971932
SX,Sockeye,6,1981,12175,1.000727351,12183.8555,1.474938466,17970.43714,2,35940.87428,142130,0.798165341,178070.8743,142130,0.798165341,178070.8743,1.888888889,4.996365888,3.389971932
SX,Sockeye,6,1982,23800,1.000727351,23817.31096,1.474938466,35129.06808,2,70258.13616,78083,0.526374558,148341.1362,78083,0.526374558,148341.1362,1.888888889,4.996365888,3.389971932
SX,Sockeye,6,1983,17100,1.004787536,17181.86687,1.474938466,25342.19636,2,50684.39272,77067,0.603257611,127751.3927,77067,0.603257611,127751.3927,1.888888889,4.976176376,3.389971932
SX,Sockeye,6,1984,11430,1.004787536,11484.72154,1.474938466,16939.25757,2,33878.51513,6727,0.165667151,40605.51513,6727,0.165667151,40605.51513,1.888888889,4.976176376,3.389971932
SX,Sockeye,6,1985,20285,1.004054273,20367.24093,1.474938466,30040.42709,2,60080.85419,54851,0.477248021,114931.8542,54851,0.477248021,114931.8542,1.888888889,4.979810488,3.389971932
SX,Sockeye,6,1986,24178,1,24178,1.474938466,35661.06223,2,71322.12445,61343,0.462389797,132665.1245,61343,0.462389797,132665.1245,1.888888889,5,3.389971932
SX,Sockeye,6,1987,29499,1.000296201,29507.73762,1.474938466,43522.09725,2,87044.19451,73712,0.458532875,160756.1945,73712,0.458532875,160756.1945,1.888888889,4.998519436,3.389971932
SX,Sockeye,6,1988,12114,1.026840258,12439.14288,1.474938466,18346.97032,2,36693.94063,65429,0.640688562,102122.9406,65429,0.640688562,102122.9406,1.888888889,4.869306558,3.389971932
SX,Sockeye,6,1989,19745,1.000296201,19750.84848,1.474938466,29131.28616,2,58262.57231,4482,0.071432474,62744.57231,4482,0.071432474,62744.57231,1.888888889,4.998519436,3.389971932
SX,Sockeye,6,1990,9443,1.030599864,9731.954511,1.474938466,14354.03406,2,28708.06811,49735,0.634026705,78443.06811,49735,0.634026705,78443.06811,1.888888889,4.851543433,3.389971932
SX,Sockeye,6,1991,23666,1.015585635,24034.84964,1.474938466,35449.92425,2,70899.8485,26024,0.26849945,96923.8485,26024,0.26849945,96923.8485,1.888888889,4.923267746,3.389971932
SX,Sockeye,6,1992,23577,1.014583372,23920.83217,1.474938466,35281.7555,2,70563.511,27491,0.28036446,98054.511,27491,0.28036446,98054.511,1.888888889,4.928131227,3.389971932
SX,Sockeye,6,1993,12406,1.029384041,12770.53841,1.474938466,18835.75833,2,37671.51665,4397,0.104519968,42068.51665,4397,0.104519968,42068.51665,1.888888889,4.857273674,3.389971932
SX,Sockeye,6,1994,19598,1.030599864,20197.69613,1.474938466,29790.35894,2,59580.71787,20558,0.256530183,80138.71787,20558,0.256530183,80138.71787,1.888888889,4.851543433,3.389971932
SX,Sockeye,6,1995,10353,1.029567762,10659.11504,1.474938466,15721.53879,2,31443.07758,7158,0.185435238,38601.07758,7158,0.185435238,38601.07758,1.888888889,4.856406914,3.389971932
SX,Sockeye,6,1996,21320,1.000173382,21323.6965,1.474938466,31451.1402,2,62902.28041,17185,0.214578394,80087.28041,17185,0.214578394,80087.28041,1.888888889,4.999133241,3.389971932
SX,Sockeye,6,1997,18040,1.03112437,18601.48364,1.474938466,27436.04374,2,54872.08747,8599,0.135479009,63471.08747,8599,0.135479009,63471.08747,1.888888889,4.849075577,3.389971932
SX,Sockeye,6,1998,19360,1.000173382,19363.35667,1.474938466,28559.75958,2,57119.51917,29487,0.340470905,86606.51917,29487,0.340470905,86606.51917,1.888888889,4.999133241,3.389971932
SX,Sockeye,6,1999,11250,1.06029361,11928.30311,1.474938466,17593.51309,2,35187.02617,7685,0.179254416,42872.02617,7685,0.179254416,42872.02617,1.888888889,4.715674936,3.389971932
SX,Sockeye,6,2000,11711,1.007422179,11797.92113,1.474938466,17401.2077,2,34802.41539,17252,0.331422414,52054.41539,17252,0.331422414,52054.41539,1.888888889,4.963162522,3.389971932
SX,Sockeye,6,2001,10505,1.007422179,10582.96999,1.474938466,15609.22951,2,31218.45903,17773,0.36277752,48991.45903,17773,0.36277752,48991.45903,1.888888889,4.963162522,3.389971932
SX,Sockeye,6,2002,16030,1.001968533,16061.55558,1.474938466,23689.80615,2,47379.6123,20025,0.297086495,67404.6123,20025,0.297086495,67404.6123,1.888888889,4.990176672,3.389971932
SX,Sockeye,6,2003,3587,3.923747411,14074.48196,1.474938466,20758.99484,2,41517.98967,48713,0.539869951,90230.98967,48713,0.539869951,90230.98967,1.888888889,1.274292016,3.389971932
SX,Sockeye,6,2004,18410,1,18410,1.474938466,27153.61716,2,54307.23431,5748,0.09571189,60055.23431,5748,0.09571189,60055.23431,1.888888889,5,3.389971932
SX,Sockeye,6,2005,9306,1.007790758,9378.500798,1.474938466,13832.71158,2,27665.42316,22553,0.449098131,50218.42316,22553,0.449098131,50218.42316,1.888888889,4.961347342,3.389971932
SX,Sockeye,6,2006,6650,2.869291134,19080.78604,1.474938466,28142.98529,2,56285.97058,930,0.016254203,57215.97058,930,0.016254203,57215.97058,1.888888889,1.742590684,3.389971932
SX,Sockeye,6,2007,5810,1.466838255,8522.330261,1.474938466,12569.91272,2,25139.82544,8569,0.254206425,33708.82544,8569,0.254206425,33708.82544,1.888888889,3.40869212,3.389971932
SX,Sockeye,6,2008,10040,2.140367163,21489.28632,1.474938466,31695.37499,2,63390.74999,497,0.007779269,63887.74999,497,0.007779269,63887.74999,1.888888889,2.336047799,3.389971932
SX,Sockeye,6,2009,26560,1.148352746,30500.24892,1.474938466,44985.99035,2,89971.9807,50595,0.359935169,140566.9807,50595,0.359935169,140566.9807,1.888888889,4.354062826,3.389971932
SX,Sockeye,6,2010,19385,1.148352746,22260.81797,1.474938466,32833.33671,2,65666.67342,2692,0.039380518,68358.67342,2692,0.039380518,68358.67342,1.888888889,4.354062826,3.389971932
SX,Sockeye,6,2011,28290,1.008604757,28533.42856,1.474938466,42085.05135,2,84170.1027,28189,0.2508831,112359.1027,28189,0.2508831,112359.1027,1.888888889,4.957343268,3.389971932
SX,Sockeye,6,2012,17110,1.001968533,17143.6816,1.474938466,25285.87544,2,50571.75087,0,0,50571.75087,0,0,50571.75087,1.888888889,4.990176672,3.389971932
SX,Sockeye,6,2013,17770,1.138248088,20226.66852,1.474938466,29833.09144,2,59666.18287,5887,0.089804945,65553.18287,5887,0.089804945,65553.18287,1.888888889,4.392715484,3.389971932
SX,Sockeye,6,2014,11840,1.148352746,13596.49651,1.474938466,20053.9957,2,40107.9914,21513,0.349118044,61620.9914,21513,0.349118044,61620.9914,1.888888889,4.354062826,3.389971932
SX,Sockeye,6,2015,11955,1.558210656,18628.40839,1.474938466,27475.75609,2,54951.51218,0,0,54951.51218,0,0,54951.51218,1.888888889,3.208808759,3.389971932
SX,Sockeye,6,2016,15030,1.200244474,18039.67444,1.474938466,26607.40974,2,53214.81948,0,0,53214.81948,0,0,53214.81948,1.888888889,4.165817973,3.389971932
SX,Sockeye,6,2017,6495,1.558210656,10120.57821,1.474938466,14927.2301,2,29854.46019,0,0,29854.46019,0,0,29854.46019,1.888888889,3.208808759,3.389971932
SX,Sockeye,7,1960,3850,1.002100436,3858.08668,1.315659478,5075.928305,2,10151.85661,9004,0.470039016,19155.85661,9004,0.470039016,19155.85661,1.428571429,4.989519832,3.800375466
SX,Sockeye,7,1961,6500,1.002100436,6513.652836,1.315659478,8569.749087,2,17139.49817,13933,0.448402955,31072.49817,13933,0.448402955,31072.49817,1.428571429,4.989519832,3.800375466
SX,Sockeye,7,1962,11575,1.061875187,12291.20529,1.315659478,16171.04073,2,32342.08146,26529,0.450628719,58871.08146,26529,0.450628719,58871.08146,1.428571429,4.708651319,3.800375466
SX,Sockeye,7,1963,12975,1.002100436,13002.25316,1.315659478,17106.5376,2,34213.0752,27893,0.449118704,62106.0752,27893,0.449118704,62106.0752,1.428571429,4.989519832,3.800375466
SX,Sockeye,7,1964,11500,1.002100436,11524.15502,1.315659478,15161.86377,2,30323.72754,30053,0.497758014,60376.72754,30053,0.497758014,60376.72754,1.428571429,4.989519832,3.800375466
SX,Sockeye,7,1965,2200,1.306013981,2873.230757,1.315659478,3780.193277,2,7560.386554,32998,0.813592522,40558.38655,32998,0.813592522,40558.38655,1.428571429,3.828442937,3.800375466
SX,Sockeye,7,1966,32400,1.061875187,34404.75606,1.315659478,45264.94338,2,90529.88676,52628,0.367622079,143157.8868,52628,0.367622079,143157.8868,1.428571429,4.708651319,3.800375466
SX,Sockeye,7,1967,12850,1.002100436,12876.99061,1.315659478,16941.73473,2,33883.46947,31777,0.483959379,65660.46947,31777,0.483959379,65660.46947,1.428571429,4.989519832,3.800375466
SX,Sockeye,7,1968,7900,1.002100436,7916.593446,1.315659478,10415.5412,2,20831.0824,34240,0.621741911,55071.0824,34240,0.621741911,55071.0824,1.428571429,4.989519832,3.800375466
SX,Sockeye,7,1969,5600,1.002100436,5611.762443,1.315659478,7383.168444,2,14766.33689,9023,0.379287579,23789.33689,9023,0.379287579,23789.33689,1.428571429,4.989519832,3.800375466
SX,Sockeye,7,1970,7850,1.002100436,7866.488425,1.315659478,10349.62005,2,20699.2401,59166,0.740822915,79865.2401,59166,0.740822915,79865.2401,1.428571429,4.989519832,3.800375466
SX,Sockeye,7,1971,9700,1.002100436,9720.374232,1.315659478,12788.70248,2,25577.40497,28450,0.52658461,54027.40497,28450,0.52658461,54027.40497,1.428571429,4.989519832,3.800375466
SX,Sockeye,7,1972,7400,1.002100436,7415.543228,1.315659478,9756.32973,2,19512.65946,69010,0.77957441,88522.65946,69010,0.77957441,88522.65946,1.428571429,4.989519832,3.800375466
SX,Sockeye,7,1973,10000,1.002100436,10021.00436,1.315659478,13184.22936,2,26368.45873,42481,0.617012839,68849.45873,42481,0.617012839,68849.45873,1.428571429,4.989519832,3.800375466
SX,Sockeye,7,1974,4920,1.002100436,4930.334146,1.315659478,6486.640847,2,12973.28169,72483,0.848188086,85456.28169,72483,0.848188086,85456.28169,1.428571429,4.989519832,3.800375466
SX,Sockeye,7,1975,3800,1.763068301,6699.659543,1.315659478,8814.470575,2,17628.94115,34316,0.66062256,51944.94115,34316,0.66062256,51944.94115,1.428571429,2.835965003,3.800375466
SX,Sockeye,7,1976,2600,1.62038184,4212.992784,1.315659478,5542.863885,2,11085.72777,55034,0.832338575,66119.72777,55034,0.832338575,66119.72777,1.428571429,3.085692444,3.800375466
SX,Sockeye,7,1977,4925,1.061875187,5229.735296,1.315659478,6880.550807,2,13761.10161,44554,0.764021647,58315.10161,44554,0.764021647,58315.10161,1.428571429,4.708651319,3.800375466
SX,Sockeye,7,1978,5525,1.061875187,5866.860408,1.315659478,7718.7905,2,15437.581,34673,0.691929714,50110.581,34673,0.691929714,50110.581,1.428571429,4.708651319,3.800375466
SX,Sockeye,7,1979,5350,1.061875187,5681.03225,1.315659478,7474.303923,2,14948.60785,77407,0.838140767,92355.60785,77407,0.838140767,92355.60785,1.428571429,4.708651319,3.800375466
SX,Sockeye,7,1980,2874,1.121346795,3222.750689,1.315659478,4240.042487,2,8480.084975,61406,0.878658463,69886.08497,61406,0.878658463,69886.08497,1.428571429,4.458923878,3.800375466
SX,Sockeye,7,1981,2860,1.121346795,3207.051834,1.315659478,4219.38814,2,8438.77628,114894,0.931577181,123332.7763,114894,0.931577181,123332.7763,1.428571429,4.458923878,3.800375466
SX,Sockeye,7,1982,3925,1.116325984,4381.579485,1.315659478,5764.666577,2,11529.33315,141867,0.924839578,153396.3332,141867,0.924839578,153396.3332,1.428571429,4.478978429,3.800375466
SX,Sockeye,7,1983,2301,1.179320059,2713.615457,1.315659478,3570.193894,2,7140.387789,16039,0.691950976,23179.38779,16039,0.691950976,23179.38779,1.428571429,4.239731157,3.800375466
SX,Sockeye,7,1984,2480,1.061875187,2633.450464,1.315659478,3464.724061,2,6929.448123,16642,0.706023657,23571.44812,16642,0.706023657,23571.44812,1.428571429,4.708651319,3.800375466
SX,Sockeye,7,1985,4975,1,4975,1.315659478,6545.405901,2,13090.8118,12700,0.49242343,25790.8118,12700,0.49242343,25790.8118,1.428571429,5,3.800375466
SX,Sockeye,7,1986,3044,1.059516992,3225.169725,1.315659478,4243.225115,2,8486.45023,26276,0.755873071,34762.45023,26276,0.755873071,34762.45023,1.428571429,4.719131487,3.800375466
SX,Sockeye,7,1987,2928,1,2928,1.315659478,3852.25095,2,7704.501901,24069,0.757518012,31773.5019,24069,0.757518012,31773.5019,1.428571429,5,3.800375466
SX,Sockeye,7,1988,6606,1,6606,1.315659478,8691.246509,2,17382.49302,2329,0.118154419,19711.49302,2329,0.118154419,19711.49302,1.428571429,5,3.800375466
SX,Sockeye,7,1989,5207,1.059516992,5516.904979,1.315659478,7258.368323,2,14516.73665,7655,0.345259378,22171.73665,7655,0.345259378,22171.73665,1.428571429,4.719131487,3.800375466
SX,Sockeye,7,1990,2044,1.138040148,2326.154063,1.315659478,3060.426639,2,6120.853278,15226,0.713266719,21346.85328,15226,0.713266719,21346.85328,1.428571429,4.393518109,3.800375466
SX,Sockeye,7,1991,2291,1.059204659,2426.637874,1.315659478,3192.629118,2,6385.258236,15339,0.706077042,21724.25824,15339,0.706077042,21724.25824,1.428571429,4.720523042,3.800375466
SX,Sockeye,7,1992,1429,1.415665443,2022.985918,1.315659478,2661.560596,2,5323.121192,5967,0.528515142,11290.12119,5967,0.528515142,11290.12119,1.428571429,3.531907927,3.800375466
SX,Sockeye,7,1993,1504,1.469642925,2210.34296,1.315659478,2908.058664,2,5816.117327,6240,0.517579568,12056.11733,6240,0.517579568,12056.11733,1.428571429,3.402186962,3.800375466
SX,Sockeye,7,1994,759,4.440539106,3370.369181,1.315659478,4434.258156,2,8868.516313,13385,0.601477978,22253.51631,13385,0.601477978,22253.51631,1.428571429,1.125989408,3.800375466
SX,Sockeye,7,1995,115,8.244269249,948.0909636,1.315659478,1247.364862,2,2494.729724,1749,0.412137463,4243.729724,1749,0.412137463,4243.729724,1.428571429,0.606481891,3.800375466
SX,Sockeye,7,1996,2525,1.740522302,4394.818813,1.315659478,5782.085024,2,11564.17005,530,0.043822767,12094.17005,530,0.043822767,12094.17005,1.428571429,2.872700909,3.800375466
SX,Sockeye,7,1997,2850,1.473966034,4200.803196,1.315659478,5526.826538,2,11053.65308,1169,0.095642083,12222.65308,1169,0.095642083,12222.65308,1.428571429,3.392208427,3.800375466
SX,Sockeye,7,1998,2250,1.740522302,3916.17518,1.315659478,5152.352992,2,10304.70598,138,0.013214966,10442.70598,138,0.013214966,10442.70598,1.428571429,2.872700909,3.800375466
SX,Sockeye,7,1999,935,1.154517254,1079.473632,1.315659478,1420.219715,2,2840.43943,5248,0.648827261,8088.43943,5248,0.648827261,8088.43943,1.428571429,4.330814446,3.800375466
SX,Sockeye,7,2000,2600,2.956893833,7687.923966,1.315659478,10114.69003,2,20229.38006,18,0.000889004,20247.38006,18,0.000889004,20247.38006,1.428571429,1.690963654,3.800375466
SX,Sockeye,7,2001,2202,1.306578066,2877.084901,1.315659478,3785.264017,2,7570.528035,262,0.033450247,7832.528035,262,0.033450247,7832.528035,1.428571429,3.826790095,3.800375466
SX,Sockeye,7,2002,1400,2.956893833,4139.651366,1.315659478,5446.371554,2,10892.74311,202,0.018206821,11094.74311,202,0.018206821,11094.74311,1.428571429,1.690963654,3.800375466
SX,Sockeye,7,2003,2000,2.548438984,5096.877967,1.315659478,6705.755803,2,13411.51161,811,0.057022277,14222.51161,811,0.057022277,14222.51161,1.428571429,1.961985369,3.800375466
SX,Sockeye,7,2004,4400,1.061857813,4672.174378,1.315659478,6146.990502,2,12293.981,2305,0.157887732,14598.981,2305,0.157887732,14598.981,1.428571429,4.70872836,3.800375466
SX,Sockeye,7,2005,3010,1.059602413,3189.403264,1.315659478,4196.168632,2,8392.337263,78,0.009208606,8470.337263,78,0.009208606,8470.337263,1.428571429,4.71875105,3.800375466
SX,Sockeye,7,2006,5190,1,5190,1.315659478,6828.272689,2,13656.54538,14,0.0010241,13670.54538,14,0.0010241,13670.54538,1.428571429,5,3.800375466
SX,Sockeye,7,2007,3640,1.145811396,4170.753482,1.315659478,5487.291347,2,10974.58269,3,0.000273284,10977.58269,3,0.000273284,10977.58269,1.428571429,4.363719908,3.800375466
SX,Sockeye,7,2008,4730,1.270553184,6009.716558,1.315659478,7906.740548,2,15813.4811,0,0,15813.4811,0,0,15813.4811,1.428571429,3.935293748,3.800375466
SX,Sockeye,7,2009,5267,1.504041119,7921.784573,1.315659478,10422.37095,2,20844.7419,14,0.000671181,20858.7419,14,0.000671181,20858.7419,1.428571429,3.324377198,3.800375466
SX,Sockeye,7,2010,4558,2.096620744,9556.397353,1.315659478,12572.96475,2,25145.9295,0,0,25145.9295,0,0,25145.9295,1.428571429,2.384789912,3.800375466
SX,Sockeye,7,2011,2450,2.539433582,6221.612275,1.315659478,8185.523155,2,16371.04631,6,0.000366366,16377.04631,6,0.000366366,16377.04631,1.428571429,1.96894301,3.800375466
SX,Sockeye,7,2012,5260,1.00131701,5266.927471,1.315659478,6929.483045,2,13858.96609,1,7.22E-05,13859.96609,1,7.22E-05,13859.96609,1.428571429,4.993423613,3.800375466
SX,Sockeye,7,2013,10909,1.136133543,12394.08082,1.315659478,16306.3899,2,32612.77981,4,0.000122636,32616.77981,4,0.000122636,32616.77981,1.428571429,4.400891101,3.800375466
SX,Sockeye,7,2014,8162,1.090714008,8902.407735,1.315659478,11712.53711,2,23425.07422,38,0.001619566,23463.07422,38,0.001619566,23463.07422,1.428571429,4.584153098,3.800375466
SX,Sockeye,7,2015,1250,3.34864473,4185.805913,1.315659478,5507.095221,2,11014.19044,22,0.001993441,11036.19044,22,0.001993441,11036.19044,1.428571429,1.493141376,3.800375466
SX,Sockeye,7,2016,1134,3.691727194,4186.418638,1.315659478,5507.901358,2,11015.80272,229,0.020364964,11244.80272,229,0.020364964,11244.80272,1.428571429,1.3543796,3.800375466
SX,Sockeye,7,2017,1908,2.219652828,4235.097595,1.315659478,5571.946289,2,11143.89258,20,0.00179149,11163.89258,20,0.00179149,11163.89258,1.428571429,2.252604523,3.800375466
SX,Sockeye,8,1960,40268,1,40268,1.416212119,57028.02961,2,114056.0592,87010,0.43274335,201066.0592,87010,0.43274335,201066.0592,1.5,5,3.530544565
SX,Sockeye,8,1961,39376,1,39376,1.416212119,55764.7684,2,111529.5368,126612,0.531667015,238141.5368,126612,0.531667015,238141.5368,1.5,5,3.530544565
SX,Sockeye,8,1962,76500,1.035997234,79253.78838,1.416212119,112240.1756,2,224480.3512,163960,0.422098269,388440.3512,163960,0.422098269,388440.3512,1.5,4.826267713,3.530544565
SX,Sockeye,8,1963,56500,1.035997234,58533.84371,1.416212119,82896.33883,2,165792.6777,151844,0.478043031,317636.6777,151844,0.478043031,317636.6777,1.5,4.826267713,3.530544565
SX,Sockeye,8,1964,33250,1,33250,1.416212119,47089.05296,2,94178.10592,306644,0.765037645,400822.1059,306644,0.765037645,400822.1059,1.5,5,3.530544565
SX,Sockeye,8,1965,15250,1.009809235,15399.59083,1.416212119,21809.08717,2,43618.17433,77800,0.640760746,121418.1743,77800,0.640760746,121418.1743,1.5,4.951430257,3.530544565
SX,Sockeye,8,1966,18275,1,18275,1.416212119,25881.27648,2,51762.55295,83127,0.616259734,134889.553,83127,0.616259734,134889.553,1.5,5,3.530544565
SX,Sockeye,8,1967,39650,1,39650,1.416212119,56152.81052,2,112305.621,234861,0.67650801,347166.621,234861,0.67650801,347166.621,1.5,5,3.530544565
SX,Sockeye,8,1968,9500,1.009809235,9593.187732,1.416212119,13585.98873,2,27171.97745,214216,0.887434421,241387.9775,214216,0.887434421,241387.9775,1.5,4.951430257,3.530544565
SX,Sockeye,8,1969,42250,1.009809235,42664.44018,1.416212119,60421.89723,2,120843.7945,43818,0.266109088,164661.7945,43818,0.266109088,164661.7945,1.5,4.951430257,3.530544565
SX,Sockeye,8,1970,26500,1.073483911,28447.32364,1.416212119,40287.44449,2,80574.88898,101317,0.557017691,181891.889,101317,0.557017691,181891.889,1.5,4.657731662,3.530544565
SX,Sockeye,8,1971,111500,1.008722198,112472.5251,1.416212119,159284.9531,2,318569.9061,167920,0.345166463,486489.9061,167920,0.345166463,486489.9061,1.5,4.956766105,3.530544565
SX,Sockeye,8,1972,36000,1.073483911,38645.42079,1.416212119,54730.11327,2,109460.2265,85948,0.439838187,195408.2265,85948,0.439838187,195408.2265,1.5,4.657731662,3.530544565
SX,Sockeye,8,1973,88750,1.063611281,94395.50123,1.416212119,133684.0528,2,267368.1056,223567,0.455390127,490935.1056,223567,0.455390127,490935.1056,1.5,4.700965557,3.530544565
SX,Sockeye,8,1974,57800,1.063611281,61476.73207,1.416212119,87064.09299,2,174128.186,129967,0.427389206,304095.186,129967,0.427389206,304095.186,1.5,4.700965557,3.530544565
SX,Sockeye,8,1975,48900,1.063611281,52010.59166,1.416212119,73658.03023,2,147316.0605,226050,0.605437998,373366.0605,226050,0.605437998,373366.0605,1.5,4.700965557,3.530544565
SX,Sockeye,8,1976,39850,1,39850,1.416212119,56436.05294,2,112872.1059,202812,0.642452364,315684.1059,202812,0.642452364,315684.1059,1.5,5,3.530544565
SX,Sockeye,8,1977,34250,1.063611281,36428.68639,1.416212119,51590.74714,2,103181.4943,89367,0.464127234,192548.4943,89367,0.464127234,192548.4943,1.5,4.700965557,3.530544565
SX,Sockeye,8,1978,20950,1,20950,1.416212119,29669.64389,2,59339.28779,56305,0.486880944,115644.2878,56305,0.486880944,115644.2878,1.5,5,3.530544565
SX,Sockeye,8,1979,35900,1,35900,1.416212119,50842.01507,2,101684.0301,223766,0.687558701,325450.0301,223766,0.687558701,325450.0301,1.5,5,3.530544565
SX,Sockeye,8,1980,27500,1.050278035,28882.64596,1.416212119,40903.95323,2,81807.90647,167139,0.671384121,248946.9065,167139,0.671384121,248946.9065,1.5,4.760644167,3.530544565
SX,Sockeye,8,1981,46575,1,46575,1.416212119,65960.07944,2,131920.1589,180821,0.578181013,312741.1589,180821,0.578181013,312741.1589,1.5,5,3.530544565
SX,Sockeye,8,1982,24500,1,24500,1.416212119,34697.19692,2,69394.39383,36848,0.346829535,106242.3938,36848,0.346829535,106242.3938,1.5,5,3.530544565
SX,Sockeye,8,1983,26800,1.078522253,28904.39638,1.416212119,40934.75644,2,81869.51289,135495,0.623353823,217364.5129,135495,0.623353823,217364.5129,1.5,4.635972959,3.530544565
SX,Sockeye,8,1984,52050,1,52050,1.416212119,73713.8408,2,147427.6816,44020,0.22993227,191447.6816,44020,0.22993227,191447.6816,1.5,5,3.530544565
SX,Sockeye,8,1985,53750,1,53750,1.416212119,76121.4014,2,152242.8028,152162,0.499867277,304404.8028,152162,0.499867277,304404.8028,1.5,5,3.530544565
SX,Sockeye,8,1986,24610,1,24610,1.416212119,34852.98025,2,69705.9605,138161,0.664660703,207866.9605,138161,0.664660703,207866.9605,1.5,5,3.530544565
SX,Sockeye,8,1987,33450,1,33450,1.416212119,47372.29538,2,94744.59076,218489,0.697527361,313233.5908,218489,0.697527361,313233.5908,1.5,5,3.530544565
SX,Sockeye,8,1988,34500,1,34500,1.416212119,48859.31811,2,97718.63621,166668,0.630394949,264386.6362,166668,0.630394949,264386.6362,1.5,5,3.530544565
SX,Sockeye,8,1989,17010,1,17010,1.416212119,24089.76814,2,48179.53629,34738,0.41894636,82917.53629,34738,0.41894636,82917.53629,1.5,5,3.530544565
SX,Sockeye,8,1990,20040,1.019200311,20424.77424,1.416212119,28925.81281,2,57851.62562,126025,0.685378033,183876.6256,126025,0.685378033,183876.6256,1.5,4.905806978,3.530544565
SX,Sockeye,8,1991,53625,1,53625,1.416212119,75944.37488,2,151888.7498,106254,0.411609468,258142.7498,106254,0.411609468,258142.7498,1.5,5,3.530544565
SX,Sockeye,8,1992,42110,1,42110,1.416212119,59636.69233,2,119273.3847,109572,0.478803626,228845.3847,109572,0.478803626,228845.3847,1.5,5,3.530544565
SX,Sockeye,8,1993,16405,1,16405,1.416212119,23232.95981,2,46465.91963,61894,0.571189054,108359.9196,61894,0.571189054,108359.9196,1.5,5,3.530544565
SX,Sockeye,8,1994,26400,1.002448924,26464.6516,1.416212119,37479.56032,2,74959.12064,232676,0.756337571,307635.1206,232676,0.756337571,307635.1206,1.5,4.987785292,3.530544565
SX,Sockeye,8,1995,55000,1.043605494,57398.30217,1.416212119,81288.17114,2,162576.3423,69932,0.300772004,232508.3423,69932,0.300772004,232508.3423,1.5,4.791082482,3.530544565
SX,Sockeye,8,1996,45850,1.002448924,45962.28317,1.416212119,65092.34245,2,130184.6849,25928,0.166085158,156112.6849,25928,0.166085158,156112.6849,1.5,4.987785292,3.530544565
SX,Sockeye,8,1997,20000,1.043605494,20872.10988,1.416212119,29559.33496,2,59118.66992,31542,0.347912717,90660.66992,31542,0.347912717,90660.66992,1.5,4.791082482,3.530544565
SX,Sockeye,8,1998,30000,1.043605494,31308.16482,1.416212119,44339.00244,2,88678.00488,22385,0.201552263,111063.0049,22385,0.201552263,111063.0049,1.5,4.791082482,3.530544565
SX,Sockeye,8,1999,28200,1.002448924,28269.05966,1.416212119,40034.98489,2,80069.96977,6006,0.069775572,86075.96977,6006,0.069775572,86075.96977,1.5,4.987785292,3.530544565
SX,Sockeye,8,2000,17050,1,17050,1.416212119,24146.41663,2,48292.83326,2556,0.05026664,50848.83326,2556,0.05026664,50848.83326,1.5,5,3.530544565
SX,Sockeye,8,2001,31150,1.053775673,32825.11221,1.416212119,46487.32171,2,92974.64343,2402,0.025184363,95376.64343,2402,0.025184363,95376.64343,1.5,4.744842882,3.530544565
SX,Sockeye,8,2002,53600,1,53600,1.416212119,75908.96958,2,151817.9392,5793,0.036755063,157610.9392,5793,0.036755063,157610.9392,1.5,5,3.530544565
SX,Sockeye,8,2003,21200,1,21200,1.416212119,30023.69692,2,60047.39385,19181,0.242097549,79228.39385,19181,0.242097549,79228.39385,1.5,5,3.530544565
SX,Sockeye,8,2004,27800,1,27800,1.416212119,39370.69691,2,78741.39382,4982,0.059505471,83723.39382,4982,0.059505471,83723.39382,1.5,5,3.530544565
SX,Sockeye,8,2005,7400,1.006638611,7449.125719,1.416212119,10549.54212,2,21099.08424,1089,0.049080398,22188.08424,1089,0.049080398,22188.08424,1.5,4.967025849,3.530544565
SX,Sockeye,8,2006,9200,1.006638611,9261.075218,1.416212119,13115.64696,2,26231.29392,1189,0.043362044,27420.29392,1189,0.043362044,27420.29392,1.5,4.967025849,3.530544565
SX,Sockeye,8,2007,1200,1.169413331,1403.295997,1.416212119,1987.364798,2,3974.729595,373,0.085791904,4347.729595,373,0.085791904,4347.729595,1.5,4.275648197,3.530544565
SX,Sockeye,8,2008,1600,1.103556576,1765.690522,1.416212119,2500.592315,2,5001.18463,258,0.049057034,5259.18463,258,0.049057034,5259.18463,1.5,4.530805315,3.530544565
SX,Sockeye,8,2009,5200,1.061150105,5517.980547,1.416212119,7814.630923,2,15629.26185,1071,0.064130731,16700.26185,1071,0.064130731,16700.26185,1.5,4.711868731,3.530544565
SX,Sockeye,8,2010,2350,4.703994682,11054.3875,1.416212119,15655.35755,2,31310.7151,301,0.009521786,31611.7151,301,0.009521786,31611.7151,1.5,1.062926372,3.530544565
SX,Sockeye,8,2011,4050,2.889272457,11701.55345,1.416212119,16571.88181,2,33143.76362,483,0.014363559,33626.76362,483,0.014363559,33626.76362,1.5,1.730539461,3.530544565
SX,Sockeye,8,2012,10800,1.048309764,11321.74545,1.416212119,16033.99312,2,32067.98624,509,0.015624527,32576.98624,509,0.015624527,32576.98624,1.5,4.769582589,3.530544565
SX,Sockeye,8,2013,2250,4.703994682,10583.98803,1.416212119,14989.17212,2,29978.34424,2320,0.071830308,32298.34424,2320,0.071830308,32298.34424,1.5,1.062926372,3.530544565
SX,Sockeye,8,2014,3312,4.703994682,15579.63039,1.416212119,22064.06136,2,44128.12273,650,0.014516017,44778.12273,650,0.014516017,44778.12273,1.5,1.062926372,3.530544565
SX,Sockeye,8,2015,3250,4.430864689,14400.31024,1.416212119,20393.89388,2,40787.78776,1811,0.042512947,42598.78776,1811,0.042512947,42598.78776,1.5,1.12844791,3.530544565
SX,Sockeye,8,2016,2325,4.430864689,10301.7604,1.416212119,14589.47793,2,29178.95586,5295,0.15359421,34473.95586,5295,0.15359421,34473.95586,1.5,1.12844791,3.530544565
SX,Sockeye,8,2017,13470,1.199762628,16160.8026,1.416212119,22887.12449,2,45774.24898,753,0.016184065,46527.24898,753,0.016184065,46527.24898,1.5,4.167491039,3.530544565
SX,Sockeye,9,1960,45900,1,45900,6.29,288711,1,288711,516503,0.641448112,805214,516503,0.641448112,805214,2.375,5,0.79491256
SX,Sockeye,9,1961,64500,1,64500,6.29,405705,1,405705,842953,0.675087174,1248658,842953,0.675087174,1248658,2.375,5,0.79491256
SX,Sockeye,9,1962,176000,1,176000,6.29,1107040,1,1107040,1035917,0.483405407,2142957,1035917,0.483405407,2142957,2.375,5,0.79491256
SX,Sockeye,9,1963,5.00E+05,1,5.00E+05,6.29,3145000,1,3145000,437459,0.122111377,3582459,437459,0.122111377,3582459,2.375,5,0.79491256
SX,Sockeye,9,1964,268500,1,268500,6.29,1688865,1,1688865,1054391,0.384357493,2743256,1054391,0.384357493,2743256,2.375,5,0.79491256
SX,Sockeye,9,1965,37575,1.097017069,41220.41638,6.29,259276.4191,1,259276.4191,645359,0.713391258,904635.4191,645359,0.713391258,904635.4191,2.375,4.557814221,0.79491256
SX,Sockeye,9,1966,74000,1,74000,6.29,465460,1,465460,528497,0.531710124,993957,528497,0.531710124,993957,2.375,5,0.79491256
SX,Sockeye,9,1967,145750,1,145750,6.29,916767.5,1,916767.5,1103138,0.54613347,2019905.5,1103138,0.54613347,2019905.5,2.375,5,0.79491256
SX,Sockeye,9,1968,285000,1,285000,6.29,1792650,1,1792650,2728652,0.603510228,4521302,2728652,0.603510228,4521302,2.375,5,0.79491256
SX,Sockeye,9,1969,28250,1,28250,6.29,177692.5,1,177692.5,729830,0.804200447,907522.5,729830,0.804200447,907522.5,2.375,5,0.79491256
SX,Sockeye,9,1970,28250,1,28250,6.29,177692.5,1,177692.5,21019,0.105776465,198711.5,21019,0.105776465,198711.5,2.375,5,0.79491256
SX,Sockeye,9,1971,89800,1,89800,6.29,564842,1,564842,403738,0.416834954,968580,403738,0.416834954,968580,2.375,5,0.79491256
SX,Sockeye,9,1972,62000,1,62000,6.29,389980,1,389980,379856,0.493424574,769836,379856,0.493424574,769836,2.375,5,0.79491256
SX,Sockeye,9,1973,457500,1,457500,6.29,2877675,1,2877675,1762156,0.379788833,4639831,1762156,0.379788833,4639831,2.375,5,0.79491256
SX,Sockeye,9,1974,161500,1,161500,6.29,1015835,1,1015835,120574,0.106100884,1136409,120574,0.106100884,1136409,2.375,5,0.79491256
SX,Sockeye,9,1975,136500,1,136500,6.29,858585,1,858585,43031,0.047726527,901616,43031,0.047726527,901616,2.375,5,0.79491256
SX,Sockeye,9,1976,63500,1,63500,6.29,399415,1,399415,614193,0.60594727,1013608,614193,0.60594727,1013608,2.375,5,0.79491256
SX,Sockeye,9,1977,62600,1,62600,6.29,393754,1,393754,660654,0.626563911,1054408,660654,0.626563911,1054408,2.375,5,0.79491256
SX,Sockeye,9,1978,140000,1,140000,6.29,880600,1,880600,578908,0.396645993,1459508,578908,0.396645993,1459508,2.375,5,0.79491256
SX,Sockeye,9,1979,65500,1,65500,6.29,411995,1,411995,28828,0.065395862,440823,28828,0.065395862,440823,2.375,5,0.79491256
SX,Sockeye,9,1980,70500,1,70500,6.29,443445,1,443445,9185,0.020292513,452630,9185,0.020292513,452630,2.375,5,0.79491256
SX,Sockeye,9,1981,148000,1,148000,6.29,930920,1,930920,99506,0.096567827,1030426,99506,0.096567827,1030426,2.375,5,0.79491256
SX,Sockeye,9,1982,233000,1,233000,6.29,1465570,1,1465570,44680,0.029584506,1510250,44680,0.029584506,1510250,2.375,5,0.79491256
SX,Sockeye,9,1983,160500,1,160500,6.29,1009545,1,1009545,37688,0.035988171,1047233,37688,0.035988171,1047233,2.375,5,0.79491256
SX,Sockeye,9,1984,99700,1,99700,6.29,627113,1,627113,55679,0.081546064,682792,55679,0.081546064,682792,2.375,5,0.79491256
SX,Sockeye,9,1985,217425,1,217425,6.29,1367603.25,1,1367603.25,185543,0.119462671,1553146.25,185543,0.119462671,1553146.25,2.375,5,0.79491256
SX,Sockeye,9,1986,185000,1,185000,6.29,1163650,1,1163650,338441,0.225313247,1502091,338441,0.225313247,1502091,2.375,5,0.79491256
SX,Sockeye,9,1987,153200,1,153200,6.29,963628,1,963628,399854,0.293259464,1363482,399854,0.293259464,1363482,2.375,5,0.79491256
SX,Sockeye,9,1988,85500,1,85500,6.29,537795,1,537795,373018,0.409544001,910813,373018,0.409544001,910813,2.375,5,0.79491256
SX,Sockeye,9,1989,42600,1,42600,6.29,267954,1,267954,64746,0.194607755,332700,64746,0.194607755,332700,2.375,5,0.79491256
SX,Sockeye,9,1990,92500,1,92500,6.29,581825,1,581825,235178,0.287854512,817003,235178,0.287854512,817003,2.375,5,0.79491256
SX,Sockeye,9,1991,79000,1.097017069,86664.34849,6.29,545118.752,1,545118.752,169219,0.236889342,714337.752,169219,0.236889342,714337.752,2.375,4.557814221,0.79491256
SX,Sockeye,9,1992,90500,1,90500,6.29,569245,1,569245,509157,0.472140259,1078402,509157,0.472140259,1078402,2.375,5,0.79491256
SX,Sockeye,9,1993,67000,1,67000,6.29,421430,1,421430,85887,0.169296515,507317,85887,0.169296515,507317,2.375,5,0.79491256
SX,Sockeye,9,1994,26000,1,26000,6.29,163540,1,163540,41702,0.203184533,205242,41702,0.203184533,205242,2.375,5,0.79491256
SX,Sockeye,9,1995,36500,1,36500,6.29,229585,1,229585,49680,0.177895547,279265,49680,0.177895547,279265,2.375,5,0.79491256
SX,Sockeye,9,1996,15205,1,15205,6.29,95639.45,1,95639.45,2697,0.027426249,98336.45,2697,0.027426249,98336.45,2.375,5,0.79491256
SX,Sockeye,9,1997,83100,1,83100,6.29,522699,1,522699,1927,0.003673093,524626,1927,0.003673093,524626,2.375,5,0.79491256
SX,Sockeye,9,1998,11960,1,11960,6.29,75228.4,1,75228.4,2161,0.027923721,77389.4,2161,0.027923721,77389.4,2.375,5,0.79491256
SX,Sockeye,9,1999,1180,1,1180,6.29,7422.2,1,7422.2,657,0.081319933,8079.2,657,0.081319933,8079.2,2.375,5,0.79491256
SX,Sockeye,9,2000,7040,1,7040,6.29,44281.6,1,44281.6,200,0.004496241,44481.6,200,0.004496241,44481.6,2.375,5,0.79491256
SX,Sockeye,9,2001,10500,1,10500,6.29,66045,1,66045,1600,0.023652894,67645,1600,0.023652894,67645,2.375,5,0.79491256
SX,Sockeye,9,2002,33300,1,33300,6.29,209457,1,209457,1397,0.006625438,210854,1397,0.006625438,210854,2.375,5,0.79491256
SX,Sockeye,9,2003,46300,1,46300,6.29,291227,1,291227,1159,0.003963938,292386,1159,0.003963938,292386,2.375,5,0.79491256
SX,Sockeye,9,2004,38750,1,38750,6.29,243737.5,1,243737.5,1551,0.006323166,245288.5,1551,0.006323166,245288.5,2.375,5,0.79491256
SX,Sockeye,9,2005,49650,1,49650,6.29,312298.5,1,312298.5,1413,0.004504138,313711.5,1413,0.004504138,313711.5,2.375,5,0.79491256
SX,Sockeye,9,2006,35900,1,35900,6.29,225811,1,225811,1216,0.005356191,227027,1216,0.005356191,227027,2.375,5,0.79491256
SX,Sockeye,9,2007,32880,1,32880,6.29,206815.2,1,206815.2,1251,0.006012509,208066.2,1251,0.006012509,208066.2,2.375,5,0.79491256
SX,Sockeye,9,2008,27656,1,27656,6.29,173956.24,1,173956.24,4278,0.024002122,178234.24,4278,0.024002122,178234.24,2.375,5,0.79491256
SX,Sockeye,9,2009,26170,1,26170,6.29,164609.3,1,164609.3,2218,0.013295186,166827.3,2218,0.013295186,166827.3,2.375,5,0.79491256
SX,Sockeye,9,2010,33200,1.097017069,36420.96671,6.29,229087.8806,1,229087.8806,2840,0.012245186,231927.8806,2840,0.012245186,231927.8806,2.375,4.557814221,0.79491256
SX,Sockeye,9,2011,136000,1,136000,6.29,855440,1,855440,898,0.001048651,856338,898,0.001048651,856338,2.375,5,0.79491256
SX,Sockeye,9,2012,49900,1,49900,6.29,313871,1,313871,1616,0.00512224,315487,1616,0.00512224,315487,2.375,5,0.79491256
SX,Sockeye,9,2013,64150,1,64150,6.29,403503.5,1,403503.5,1098,0.002713781,404601.5,1098,0.002713781,404601.5,2.375,5,0.79491256
SX,Sockeye,9,2014,40494,1,40494,6.29,254707.26,1,254707.26,2506,0.009742888,257213.26,2506,0.009742888,257213.26,2.375,5,0.79491256
SX,Sockeye,9,2015,48800,1,48800,6.29,306952,1,306952,865,0.002810111,307817,865,0.002810111,307817,2.375,5,0.79491256
SX,Sockeye,9,2016,90386,1,90386,6.29,568527.94,1,568527.94,2500,0.004378069,571027.94,2500,0.004378069,571027.94,2.375,5,0.79491256
SX,Sockeye,9,2017,23573,1,23573,6.29,148274.17,1,148274.17,2175,0.01445671,150449.17,2175,0.01445671,150449.17,2.375,5,0.79491256
SX,Sockeye,10,1960,18500,1,18500,1.000438194,18508.10659,1,18508.10659,219377,0.922197287,237885.1066,219377,0.922197287,237885.1066,4,5,4.997809989
SX,Sockeye,10,1961,22500,1,22500,1.000438194,22509.85937,1,22509.85937,213291,0.904538688,235800.8594,213291,0.904538688,235800.8594,4,5,4.997809989
SX,Sockeye,10,1962,110000,1,110000,1.000438194,110048.2014,1,110048.2014,252073,0.696101192,362121.2014,252073,0.696101192,362121.2014,4,5,4.997809989
SX,Sockeye,10,1963,68687,1,68687,1.000438194,68717.09824,1,68717.09824,175015,0.718062993,243732.0982,175015,0.718062993,243732.0982,4,5,4.997809989
SX,Sockeye,10,1964,50000,1,50000,1.000438194,50021.90971,1,50021.90971,236437,0.825378412,286458.9097,236437,0.825378412,286458.9097,4,5,4.997809989
SX,Sockeye,10,1965,11000,1,11000,1.000438194,11004.82014,1,11004.82014,289825,0.963418453,300829.8201,289825,0.963418453,300829.8201,4,5,4.997809989
SX,Sockeye,10,1966,50000,1,50000,1.000438194,50021.90971,1,50021.90971,172267,0.774968937,222288.9097,172267,0.774968937,222288.9097,4,5,4.997809989
SX,Sockeye,10,1967,50000,1,50000,1.000438194,50021.90971,1,50021.90971,297293,0.855975346,347314.9097,297293,0.855975346,347314.9097,4,5,4.997809989
SX,Sockeye,10,1968,197929,1,197929,1.000438194,198015.7313,1,198015.7313,471989,0.704456219,670004.7313,471989,0.704456219,670004.7313,4,5,4.997809989
SX,Sockeye,10,1969,110000,1,110000,1.000438194,110048.2014,1,110048.2014,168927,0.60552694,278975.2014,168927,0.60552694,278975.2014,4,5,4.997809989
SX,Sockeye,10,1970,70065,1,70065,1.000438194,70095.70208,1,70095.70208,82876,0.541773406,152971.7021,82876,0.541773406,152971.7021,4,5,4.997809989
SX,Sockeye,10,1971,135068,1,135068,1.000438194,135127.186,1,135127.186,143632,0.515254769,278759.186,143632,0.515254769,278759.186,4,5,4.997809989
SX,Sockeye,10,1972,76248,1,76248,1.000438194,76281.41143,1,76281.41143,59502,0.438212587,135783.4114,59502,0.438212587,135783.4114,4,5,4.997809989
SX,Sockeye,10,1973,170002,1,170002,1.000438194,170076.4939,1,170076.4939,294745,0.634103637,464821.4939,294745,0.634103637,464821.4939,4,5,4.997809989
SX,Sockeye,10,1974,91043,1,91043,1.000438194,91082.89451,1,91082.89451,348602,0.792845068,439684.8945,348602,0.792845068,439684.8945,4,5,4.997809989
SX,Sockeye,10,1975,62967,1,62967,1.000438194,62994.59177,1,62994.59177,52714,0.455575504,115708.5918,52714,0.455575504,115708.5918,4,5,4.997809989
SX,Sockeye,10,1976,60904,1,60904,1.000438194,60930.68778,1,60930.68778,93181,0.604632921,154111.6878,93181,0.604632921,154111.6878,4,5,4.997809989
SX,Sockeye,10,1977,128601,1,128601,1.000438194,128657.3522,1,128657.3522,55525,0.301467537,184182.3522,55525,0.301467537,184182.3522,4,5,4.997809989
SX,Sockeye,10,1978,84015,1,84015,1.000438194,84051.81488,1,84051.81488,234271,0.735954161,318322.8149,234271,0.735954161,318322.8149,4,5,4.997809989
SX,Sockeye,10,1979,19232,1,19232,1.000438194,19240.42735,1,19240.42735,11393,0.371913984,30633.42735,11393,0.371913984,30633.42735,4,5,4.997809989
SX,Sockeye,10,1980,128435,1,128435,1.000438194,128491.2795,1,128491.2795,2455,0.018748146,130946.2795,2455,0.018748146,130946.2795,4,5,4.997809989
SX,Sockeye,10,1981,214345,1,214345,1.000438194,214438.9247,1,214438.9247,155141,0.419776589,369579.9247,155141,0.419776589,369579.9247,4,5,4.997809989
SX,Sockeye,10,1982,214500,1,214500,1.000438194,214593.9927,1,214593.9927,296097,0.579796793,510690.9927,296097,0.579796793,510690.9927,4,5,4.997809989
SX,Sockeye,10,1983,199653,1,199653,1.000438194,199740.4868,1,199740.4868,133406,0.400442464,333146.4868,133406,0.400442464,333146.4868,4,5,4.997809989
SX,Sockeye,10,1984,89154,1,89154,1.000438194,89193.06676,1,89193.06676,22018,0.197983894,111211.0668,22018,0.197983894,111211.0668,4,5,4.997809989
SX,Sockeye,10,1985,250000,1,250000,1.000438194,250109.5485,1,250109.5485,375323,0.600101483,625432.5485,375323,0.600101483,625432.5485,4,5,4.997809989
SX,Sockeye,10,1986,199000,1,199000,1.000438194,199087.2006,1,199087.2006,384645,0.658940863,583732.2006,384645,0.658940863,583732.2006,4,5,4.997809989
SX,Sockeye,10,1987,2.00E+05,1,2.00E+05,1.000438194,200087.6388,1,200087.6388,195812,0.494600098,395899.6388,195812,0.494600098,395899.6388,4,5,4.997809989
SX,Sockeye,10,1988,207000,1,207000,1.000438194,207090.7062,1,207090.7062,304480,0.595186543,511570.7062,304480,0.595186543,511570.7062,4,5,4.997809989
SX,Sockeye,10,1989,166804,1,166804,1.000438194,166877.0925,1,166877.0925,77965,0.318429724,244842.0925,77965,0.318429724,244842.0925,4,5,4.997809989
SX,Sockeye,10,1990,149000,1,149000,1.000438194,149065.2909,1,149065.2909,63109,0.297439429,212174.2909,63109,0.297439429,212174.2909,4,5,4.997809989
SX,Sockeye,10,1991,260000,1,260000,1.000438194,260113.9305,1,260113.9305,578625,0.689874977,838738.9305,578625,0.689874977,838738.9305,4,5,4.997809989
SX,Sockeye,10,1992,220000,1,220000,1.000438194,220096.4027,1,220096.4027,729113,0.768126609,949209.4027,729113,0.768126609,949209.4027,4,5,4.997809989
SX,Sockeye,10,1993,220000,1,220000,1.000438194,220096.4027,1,220096.4027,284668,0.563962115,504764.4027,284668,0.563962115,504764.4027,4,5,4.997809989
SX,Sockeye,10,1994,1.00E+05,1,1.00E+05,1.000438194,100043.8194,1,100043.8194,129320,0.563820398,229363.8194,129320,0.563820398,229363.8194,4,5,4.997809989
SX,Sockeye,10,1995,57000,1,57000,1.000438194,57024.97707,1,57024.97707,27045,0.321696293,84069.97707,27045,0.321696293,84069.97707,4,5,4.997809989
SX,Sockeye,10,1996,54000,1,54000,1.000438194,54023.66249,1,54023.66249,8700,0.138703635,62723.66249,8700,0.138703635,62723.66249,4,5,4.997809989
SX,Sockeye,10,1997,32000,1,32000,1.000438194,32014.02221,1,32014.02221,0,0,32014.02221,0,0,32014.02221,4,5,4.997809989
SX,Sockeye,10,1998,76000,1,76000,1.000438194,76033.30276,1,76033.30276,0,0,76033.30276,0,0,76033.30276,4,5,4.997809989
SX,Sockeye,10,1999,5900,1,5900,1.000438194,5902.585346,1,5902.585346,0,0,5902.585346,0,0,5902.585346,4,5,4.997809989
SX,Sockeye,10,2000,1430,1,1430,1.000438194,1430.626618,1,1430.626618,0,0,1430.626618,0,0,1430.626618,4,5,4.997809989
SX,Sockeye,10,2001,8450,1,8450,1.000438194,8453.702741,1,8453.702741,0,0,8453.702741,0,0,8453.702741,4,5,4.997809989
SX,Sockeye,10,2002,92000,1,92000,1.000438194,92040.31387,1,92040.31387,0,0,92040.31387,0,0,92040.31387,4,5,4.997809989
SX,Sockeye,10,2003,179500,1,179500,1.000438194,179578.6559,1,179578.6559,0,0,179578.6559,0,0,179578.6559,4,5,4.997809989
SX,Sockeye,10,2004,7800,1,7800,1.000438194,7803.417915,1,7803.417915,0,0,7803.417915,0,0,7803.417915,4,5,4.997809989
SX,Sockeye,10,2005,14000,1,14000,1.000438194,14006.13472,1,14006.13472,0,0,14006.13472,0,0,14006.13472,4,5,4.997809989
SX,Sockeye,10,2006,26800,1,26800,1.000438194,26811.7436,1,26811.7436,0,0,26811.7436,0,0,26811.7436,4,5,4.997809989
SX,Sockeye,10,2007,19102,1,19102,1.000438194,19110.37039,1,19110.37039,0,0,19110.37039,0,0,19110.37039,4,5,4.997809989
SX,Sockeye,10,2008,16389,1,16389,1.000438194,16396.18156,1,16396.18156,0,0,16396.18156,0,0,16396.18156,4,5,4.997809989
SX,Sockeye,10,2009,18446,1,18446,1.000438194,18454.08293,1,18454.08293,0,0,18454.08293,0,0,18454.08293,4,5,4.997809989
SX,Sockeye,10,2010,38633,1,38633,1.000438194,38649.92876,1,38649.92876,0,0,38649.92876,0,0,38649.92876,4,5,4.997809989
SX,Sockeye,10,2011,139504,1,139504,1.000438194,139565.1298,1,139565.1298,44731,0.242712639,184296.1298,44731,0.242712639,184296.1298,4,5,4.997809989
SX,Sockeye,10,2012,16000,1,16000,1.000438194,16007.01111,1,16007.01111,0,0,16007.01111,0,0,16007.01111,4,5,4.997809989
SX,Sockeye,10,2013,85000,1,85000,1.000438194,85037.24651,1,85037.24651,0,0,85037.24651,0,0,85037.24651,4,5,4.997809989
SX,Sockeye,10,2014,97845,1,97845,1.000438194,97887.87511,1,97887.87511,1882,0.018863409,99769.87511,1882,0.018863409,99769.87511,4,5,4.997809989
SX,Sockeye,10,2015,,,,,,,,,,,,,,,,
SX,Sockeye,10,2016,,,,,,,,,,,,,,,,
SX,Sockeye,10,2017,,,,,,,,,,,,,,,,
