"Stock","Region","Catch.Year","CWTs","Ages","SEAK.Troll","SEAK.Net","SEAK.Sport","NBC.Troll","NBC.Sport","WCVI.Troll","WCVI.Sport","ISBM.NCBC.Troll","ISBM.NCBC.Net","ISBM.NCBC.Sport","ISBM.SBC.Troll","ISBM.SBC.Net","ISBM.SBC.Sport","ISBM.NF.Troll","ISBM.NF.Sport","ISBM.SF.Troll","ISBM.SF.Sport","ISBM.WAC.Net","ISBM.PS.Net","ISBM.PS.Sport","Term.SEAK.Troll","Term.SEAK.Net","Term.SEAK.Sport","Term.CAN.Net","Term.CAN.Sport","Term.SUS.Troll","Term.SUS.Net","Term.SUS.Sport","Stray","Escapement"
"Lower Shuswap","Fraser",1981,140,"2,3",13.57,0,0,4.29,0,0.71,0,2.14,6.43,0,1.43,4.29,0,0,0,0,0,0,2.86,0,0,0,0,1.43,0,0,0,0,0,62.86
"Lower Shuswap","Fraser",1982,385,"3,4",28.57,1.04,0.52,12.73,0,6.23,0,1.3,4.42,0,0.78,11.95,4.68,0,0,0,0,0,10.39,0,0,0,0,0.78,0,0,1.56,0,0,15.06
"Lower Shuswap","Fraser",1983,170,"4,5",30.59,1.76,0,22.35,0,0,0,7.06,4.12,0,0,14.12,0,0,0,0,0,0,2.35,0,0,0,0,0,0,0,0,0,0,17.65
"Lower Shuswap","Fraser",1987,632,"2,3",7.75,2.22,0.16,11.71,0,2.22,0,2.69,0.79,0.63,0.79,8.23,4.59,0,0,0,0,0,2.85,0,0,0,0,0.79,7.28,0,0,0,0.32,46.99
"Lower Shuswap","Fraser",1988,2072,"2,3,4",7.67,0.19,0.05,9.65,0.29,5.07,0.05,1.64,1.35,0,0,6.32,2.8,0,0.1,0,0,0.1,1.16,0.19,0,0,0,0.87,1.45,0,0.29,0,0.24,60.52
"Lower Shuswap","Fraser",1989,1682,"2,3,4,5",5.11,4.04,0,7.19,0,1.13,0,0.54,0.24,0,0,12.31,0.42,0,0,0,0,0,0.89,0.12,0,0,0,1.13,0.42,0,0.48,0,0,65.99
"Lower Shuswap","Fraser",1990,1252,"2,3,4,5",27.72,0,0.8,19.41,0.32,3.75,3.04,1.76,1.12,0.88,0,2.08,1.76,0,0,0,0,0,0,0.48,0,0,0,7.59,1.52,0,0,0,1.12,26.68
"Lower Shuswap","Fraser",1991,631,"2,3,4,5",34.07,0,0.63,22.19,0.48,3.01,0,1.27,1.27,0,0,5.39,1.27,0,0,0,0,0,3.17,0,0,0,0,5.23,0.63,0,0,0,0.16,21.24
"Lower Shuswap","Fraser",1992,296,"2,3,4,5",13.51,0,0,17.91,0,4.39,0,6.08,1.35,0,0,4.73,4.73,0,0,0,0,0,0,2.7,0,0,0,5.07,4.39,0,0,0,0,35.14
"Lower Shuswap","Fraser",1993,480,"2,3,4,5",7.71,1.67,0,12.92,0,9.79,0,1.04,0.83,0,0,7.29,1.46,0.42,0,0,0,0,0,0,4.38,0,0,8.54,3.54,0,0,0,0,40.42
"Lower Shuswap","Fraser",1994,1045,"2,3,4,5",9.38,0,1.05,17.42,1.72,8.13,0,10.05,0.86,0,0.86,4.31,1.82,0,0,0,0,0,2.97,0,0,0,0,9.76,0,0,0,0,0.48,31.2
"Lower Shuswap","Fraser",1995,530,"2,3,4,5",15.85,0,3.77,11.32,4.15,3.4,0,0.75,0.19,1.51,0,3.4,2.64,0,0,0,0,0,2.45,0,0,0,0,7.92,0.38,0,0.75,0,0.57,40.94
"Lower Shuswap","Fraser",1996,743,"2,3,4,5",16.29,0,0,0.54,0.67,0.4,0.94,0,0.13,1.48,0,0.4,4.04,0,0,0,0,0,0,0,0,0,0,8.21,1.35,0,0,0,0,65.55
"Lower Shuswap","Fraser",1997,608,"2,3,4,5",13.32,0.66,0,8.72,2.14,0.49,0,0.16,0.16,0.66,0,3.62,5.59,0,0,0,0,0,1.97,0,0,0,0,15.63,0,0,0.33,0,0,46.55
"Lower Shuswap","Fraser",1998,754,"2,3,4,5",21.49,0.4,9.15,7.03,14.06,0,0,0,0,1.06,0,0.4,7.82,0,0,0,0,0,0.8,0,0,0,0,5.44,0.66,0,0,0,1.19,30.5
"Lower Shuswap","Fraser",1999,832,"2,3,4,5",15.5,0,6.01,0.72,4.57,0,0,0,0,0.24,0,0,4.57,0,0,0,0,0,0,0,0,0,0,5.41,0.36,0,0,0,0,62.62
"Lower Shuswap","Fraser",2000,718,"2,3,4,5",11,0,9.89,0,4.74,0,0,0,0,0,0,0,3.62,0,0.42,0,0,0,0.14,0,0,0,0,6.41,1.39,0,0,0,0.97,61.42
"Lower Shuswap","Fraser",2001,1158,"2,3,4,5",8.03,1.21,0.43,0,0,0,0,0.26,0,1.04,0.09,0.69,9.41,0.09,0,0,0,0,0.17,0,0,0,0,1.47,1.55,0,0.26,0,0,75.3
"Lower Shuswap","Fraser",2002,1561,"2,3,4,5",18.26,0,2.5,12.75,4.16,1.28,0,0.06,0,1.6,0,0,3.59,0,0,0,0,0,0,0,0,0,0,8.58,0.45,0,0,0,0,46.76
"Lower Shuswap","Fraser",2003,1877,"2,3,4,5",9.8,0.85,1.6,8.1,2.45,0,0,1.28,0,0.43,0,0,7.09,0.21,0,0.11,0,0,0.48,0,0,0,0,4.53,2.34,0,0,0,0,60.74
"Lower Shuswap","Fraser",2004,1156,"2,3,4,5",18.34,0,1.64,9.34,3.98,0.78,0,0,0,4.76,0,0,5.45,0.26,0,0,0,0,1.04,0,0,0,0,11.94,2.77,0,0,0,0,39.71
"Lower Shuswap","Fraser",2005,824,"2,3,4,5",15.05,0,1.82,12.38,5.34,0.36,3.16,0,0,1.33,0,0,13.83,0.24,0,0,0,0,0.36,0,0,0,0,7.04,3.64,0,0,0,0,35.44
"Lower Shuswap","Fraser",2006,1323,"2,3,4,5",11.94,0,2.72,13.23,8.16,0.3,0.91,0,0,1.66,0,0,9.83,0.23,0,0,0,0,0.76,0,0,0,0,7.18,3.1,0,0,0,0.83,39.15
"Lower Shuswap","Fraser",2007,507,"2,3,4,5",7.69,0.2,9.47,3.55,10.06,0,0.99,0,0,0,0,0.39,3.35,0,0,0,0,0,0,0,0,0,0,5.33,5.13,0,0,0,0,53.85
"Lower Shuswap","Fraser",2008,1771,"2,3,4,5",8.81,0,0.56,8.13,7.68,0,1.64,0,0,0,0,0,7.23,0,0,0,0,0,0,0,0,0,0,2.88,2.99,0,0,0,0,60.08
"Lower Shuswap","Fraser",2009,1691,"2,3,4,5",9.17,0,1.3,6.45,3.37,0.77,2.31,0,0,0.59,0,0,8.87,0.12,0,0,0,0,0,0.3,0,0,0,9.99,6.15,0,0,0,0.24,50.38
"Lower Shuswap","Fraser",2010,2026,"2,3,4,5",9.82,0,1.53,10.46,3.11,0,0.49,0,0,0.3,0,0,9.43,0.2,0.1,0.1,0,0,1.23,0,0,0,0,9.43,1.92,0,0.3,0,1.18,50.39
"Lower Shuswap","Fraser",2011,1856,"2,3,4,5",8.14,0.05,1.78,7.6,4.47,1.29,0.7,0,0,0,0,1.24,8.35,0.48,0,0,0,0,0.27,0.54,0,0,0,9.27,2.86,0,0,0,0.05,52.91
"Lower Shuswap","Fraser",2012,1945,"2,3,4,5",6.84,0,2.57,7.51,4.37,1.08,1.23,0,0,0.77,0,0.36,10.08,0.21,0.36,0.21,0,0,0.05,2.31,0,0,0,4.47,4.88,0,0,0,0,52.7
"Lower Shuswap","Fraser",2013,8225,"2,3,4,5",7.36,0.15,0.46,7.49,3.51,0.22,0.97,0.01,0,0.29,0,1.62,10.31,0.58,0.05,0,0,0,0.28,0.68,0,0,0,2.48,2.04,0,0.04,0,0.91,60.55
"Lower Shuswap","Fraser",2014,4669,"2,3,4,5",10.92,0.19,0.96,7.13,2.66,3.3,1.63,0.02,0,0.15,0,3.02,5.35,1.95,0.45,0.11,0,0,0.49,0.88,0,0,0,8.03,1.78,0,0,0,0.9,50.07
"Lower Shuswap","Fraser",2015,5012,"2,3,4,5",6.74,0.16,0.3,3.69,1.52,0.56,1.2,0,0,0.7,0,0.5,7.98,2.35,0.48,0,0,0,0.82,1.06,0,0,0,2.93,3.05,0,0.06,0,1.38,64.53
"Lower Shuswap","Fraser",2016,2152,"2,3,4,5",9.94,0.56,1.63,8.97,2.74,1.81,0.98,0,0,0.51,0,0.37,5.76,0.28,0,0,0,0,0,0.46,0,0,0,2.56,1.95,0,0.28,0,0,61.2
"Lower Shuswap","Fraser",2017,3053,"2,3,4,5",12.35,0,1.74,7.53,3.64,1.51,2.1,0,0,0,0,0.23,10.97,0.23,0.29,0,0,0,0,0.79,0,0,0,2.52,1.67,0,0.07,0,0.49,53.88
"Lower Shuswap","Fraser",2018,5118,"2,3,4,5",4.51,0.02,0.68,3.32,2.72,0.94,1.91,0,0,0.1,0,1.37,9.55,0.16,0.16,0,0,0,0.51,1.04,0,0,0,4.88,2.81,0,0,0,0.21,65.1
"Lower Shuswap","Fraser",2019,6926,"2,3,4,5",1.75,1.1,0.43,0.22,1.37,0.38,0.26,0,0,1.01,0,0.45,4.27,0.09,0.04,0,0,0,0.36,0.42,0,0,0,3.41,2.87,0,0,0,0.9,80.68
"Robertson","WCVI",1979,5453,"2,3,4,5",21.16,0.55,0.73,11.96,0,8.33,0,11.28,7.39,0.15,0.5,2.11,1.34,0,0,0,0,0,0.04,0,0,0,0,0,5.06,0,0.07,0,0,29.34
"Robertson","WCVI",1980,5055,"2,3,4,5",28.29,5.7,1.07,8.53,0,7.38,0.18,8.72,4.59,0,0,1.21,0.44,0,0,0,0,0,0.22,0,0,0,0,9.54,3.03,0,0.04,0,0,21.09
"Robertson","WCVI",1981,3096,"2,3,4,5",31.62,1.61,0.97,13.89,0,5.81,0.1,8.33,4.65,0.29,0.36,1.2,1.49,0,0,0,0,0,0.81,0.16,0,0,0,10.27,4.55,0,0.36,0,0,13.53
"Robertson","WCVI",1982,4692,"2,3,4,5",29.16,3.52,1.6,14.75,0,6.07,0.13,7.1,4.54,0,0.15,1.28,0.9,0.04,0,0,0,0,0.49,0.11,0,0,0,12.57,5.84,0,0.11,0,0.02,11.64
"Robertson","WCVI",1983,4084,"2,3,4,5",41.45,2.67,0.42,11.09,0,5.68,0,7.93,2.28,0.05,0,0.61,0.37,0,0,0,0,0,0.05,0,0,0,0,14.96,4.7,0,0.1,0,0,7.64
"Robertson","WCVI",1984,3306,"2,3,4,5",29.98,4.14,0.09,13.76,0,6.68,0,3.93,2.69,0,0,0.79,1.06,0,0,0,0,0,0.12,0,0,0,0,14.94,14.67,0,0,0,0.03,7.11
"Robertson","WCVI",1985,1694,"2,3,4,5",19.72,13.75,0,16,0,1.42,0,0.94,3.72,0,0,1.89,0.65,0,0,0,0,0,0.24,0.18,0,0,0,1.06,15.17,0,1.06,0,0.24,23.97
"Robertson","WCVI",1986,912,"2,3,4,5",16.01,8.22,0.55,8.11,0.77,6.25,0,0.88,3.29,0,0,0.66,1.21,0,0,0,0,0,0.22,1.54,0,0,0,0.33,28.07,0,0,0,0,23.9
"Robertson","WCVI",1987,1620,"2,3,4,5",10.56,3.21,0.99,7.41,0,2.65,0.19,3.46,2.28,0,0,0.93,0.93,0,0,0,0,0,0.25,0.12,0,0,0,0,19.51,0,0,0,0.06,47.47
"Robertson","WCVI",1988,3160,"2,3,4,5",11.33,4.37,1.27,7.66,1.14,4.91,1.11,1.39,1.84,0,0,0.22,4.78,0,0,0,0,0,0.25,0.28,0,0,0,6.46,13.2,0,0,0,0.09,39.72
"Robertson","WCVI",1989,6583,"2,3,4,5",10.12,7.61,0.41,9.59,0.49,2.51,1.11,1.66,1.14,0.11,0,0.88,1.52,0,0,0,0,0,0.05,0.06,0,0,0,16.48,16.45,0,0,0,0,29.83
"Robertson","WCVI",1990,11146,"2,3,4,5",19.02,2.33,2.03,9.1,0.83,6.24,0.75,2.32,1.5,0.08,0,0.71,1.03,0,0,0,0,0,0,0.04,0,0,0,7.38,8.08,0,0.01,0,0.01,38.53
"Robertson","WCVI",1991,13821,"2,3,4,5",19.39,2.37,3.21,9.73,0.46,4.9,0.56,2.61,0.65,0.31,0,1.29,1.22,0,0,0,0,0,0.03,0.09,0.07,0,0,13.41,12.76,0,0.04,0,0.01,26.86
"Robertson","WCVI",1992,11348,"2,3,4,5",15.26,15.72,1.6,6.82,0.88,17.14,0.84,2.78,0.72,0.31,0,0.48,1.23,0,0,0,0,0,0.05,0.04,0,0,0,0.2,5,0,0,0,0.06,30.85
"Robertson","WCVI",1993,6709,"2,3,4,5",16.01,2.1,2.4,7.68,0.8,14.68,0.82,2.15,0.36,0.21,0,0.72,2.43,0,0.1,0,0,0,0.01,0.07,0,0,0,6.83,12.34,0,0.01,0,0.01,30.26
"Robertson","WCVI",1994,3789,"2,3,4,5",17.81,6.33,3.93,9.24,0.45,4.91,1.66,1.16,0.9,0.16,0,0.13,3.06,0,0,0,0,0,0,0.08,0,0,0,11.16,15.65,0,0,0,0,23.36
"Robertson","WCVI",1995,1493,"2,3,4,5",15.2,0,4.29,3.08,1.88,1.61,0.8,0.33,0.4,0,0,0.13,3.75,0,0,0,0,0,0.07,0,0,0,0,5.83,7.9,0,0.07,0,0.33,54.32
"Robertson","WCVI",1996,838,"2,3,4,5",8.71,0.12,4.06,2.51,0.48,0.72,0,0.48,0,1.79,0,0,3.1,0,0,0,0,0,0,0,0,0,0,0,2.15,0,0,0,0,75.89
"Robertson","WCVI",1997,2217,"2,3,4,5",14.88,3.61,4.65,4.92,1.53,0.14,0,1.85,0.45,1.13,0,0.14,2.89,0.09,0,0,0,0,0.05,0,0.09,0,0,5.95,17.19,0,0,0,0.05,40.41
"Robertson","WCVI",1998,3177,"2,3,4,5",17.34,1.73,5.26,5.6,2.99,0,1.48,0,0,0.44,0,0,4.22,0,0,0.09,0,0,0,0,0,0,0,4.09,16.43,0,0,0,0.06,40.26
"Robertson","WCVI",1999,1235,"2,3,4,5",12.71,1.13,7.45,5.43,6.8,0,0.89,0.24,0,0.32,0,0,3.4,0,0,0,0,0,0,0,0,0,0,6.32,18.06,0,0,0,0,37.25
"Robertson","WCVI",2000,219,"2,3,4,5",7.31,0,0,0,5.48,0,0,0,0,0,0,0,6.85,0,0,0,0,0,0,0,0,0,0,0,0,0,0,0,0,80.37
"Robertson","WCVI",2001,936,"2,3,4,5",4.27,0,1.92,0,0,0,1.6,0,0,0.53,0,0,3.42,0,0,0,0,0,0,0,0,0,0,0,1.71,0,0,0,0,86.54
"Robertson","WCVI",2002,2084,"2,3,4,5",13,0.58,1.44,3.84,2.16,0.29,1.01,0.14,0,1.97,0,0,2.59,0,0,0,0,0,0,0,0,0,0,7.01,15.16,0,0,0,0,50.82
"Robertson","WCVI",2003,2980,"2,3,4,5",14.56,2.15,2.85,0.81,1.61,0,0,0,0,2.92,0,0,2.55,0,0,0,0,0,0,0,0,0,0,8.26,15.67,0,0,0,0,48.62
"Robertson","WCVI",2004,4956,"2,3,4,5",13.5,8.31,2.4,2.72,1.55,0.14,0.56,0,0,2.91,0,0,2.99,0,0.06,0,0,0,0,0,0,0,0,11.52,13.42,0,0,0,0.3,39.61
"Robertson","WCVI",2005,3142,"2,3,4,5",15.5,1.97,4.55,3.15,4.58,0,1.05,0,0,5.44,0,0,3.53,0,0,0,0,0,0,0,0,0,0,30.9,6.11,0,0,0,0.06,23.14
"Robertson","WCVI",2006,2827,"2,3,4,5",11.53,2.55,3.89,2.58,3.04,0,1.84,0,0,1.87,0,0,4.21,0,0,0,0,0,0,0,0,0,0,24.97,10.44,0,0,0,0,33.07
"Robertson","WCVI",2007,2295,"2,3,4,5",16.38,3.4,5.88,4.92,5.4,0.09,1.26,0,0,1.31,0,0,4.79,0,0,0,0,0,0,0,0,0,0,25.32,11.72,0,0,0,0,19.52
"Robertson","WCVI",2008,1608,"2,3,4,5",10.07,0.44,2.61,2.61,2.55,0,0.81,0,0,2.86,0,0,2.49,0,0,0,0,0,0,0,0,0,0,20.15,12.75,0,0,0,0,42.66
"Robertson","WCVI",2009,1418,"2,3,4,5",13.33,7.19,2.89,2.19,6.28,0,1.13,0,0,5.22,0,0,5.92,0,0,0,0,0,0,0,0,0,0,6.42,12.41,0,0,0,0,37.02
"Robertson","WCVI",2010,1342,"2,3,4,5",7.82,0.3,4.02,3.2,4.77,0.67,2.01,0,0,2.53,0,0,4.84,0,0,0,0,0,0,0,0,0,0,4.4,3.06,0,0.15,0,0,62.22
"Robertson","WCVI",2011,2361,"2,3,4,5",13.98,2.03,1.52,3.52,3.56,0.21,3.9,0,0,3.52,0,0,4.02,0,0,0,0,0,0.59,0,0.13,0,0,16.94,16.14,0,0,0,0,29.94
"Robertson","WCVI",2012,1994,"2,3,4,5",13.44,3.61,1.2,2.86,2.56,0.15,2.01,0,0,3.16,0,0,5.22,0,0,0,0,0,0,0,0,0,0,14.49,15.45,0,0.05,0,0,35.81
"Robertson","WCVI",2013,1425,"2,3,4,5",10.81,3.93,1.47,0.98,4.42,0,1.05,0,0,1.61,0,0,9.05,0,0,0,0,0,0,0,0,0,0,0,2.32,0,0,0,0,64.35
"Robertson","WCVI",2014,2344,"2,3,4,5",14.72,2.09,3.33,1.96,2.86,0.77,4.65,0.04,0,1.37,0,0,5.29,0,0.13,0,0,0,0,0.77,0.13,0,0,0.13,4.82,0,0,0,0.04,56.91
"Robertson","WCVI",2015,3503,"2,3,4,5",4.08,3.34,3.08,0.37,3.71,0.31,2.8,0,0.14,2.17,0,0,8.85,0.29,0.49,0,0,0,0,0.14,0,0,0,10.39,9.28,0,0.03,0,0.29,50.24
"Robertson","WCVI",2016,5290,"2,3,4,5",14.2,5.22,4.8,1.97,3.69,0.83,0.79,0,0.13,3.48,0,0,7.13,0,0,0,0,0,0,0,0,0,0,5.73,6.47,0,0,0,0.11,45.46
"Robertson","WCVI",2017,7394,"2,3,4,5",8.16,0.68,4.26,1.69,7.26,0.65,4.18,0,0,1.56,0,1.11,7.45,0.03,0.05,0,0,0,0,0,0,0,0,15.42,10.16,0,0.09,0,1.26,36
"Robertson","WCVI",2018,8999,"2,3,4,5",5.7,0.61,1.19,4.27,6.52,1.3,4.44,0,0,2.8,0,0,6.99,0,0.02,0,0,0,0,0.06,0,0,0,29.24,9.83,0,0.02,0,0.39,26.61
"Robertson","WCVI",2019,13303,"2,3,4,5",4.81,5.82,1.93,2.63,4.98,0.78,2.38,0,0,3.3,0,0,6.21,0.05,0.03,0.02,0,0,0,0,0,0,0,35.17,9.03,0,0,0,0.06,22.8
"NWVI","WCVI",1979,5453,"2,3,4,5",21.2,0.6,0.7,12,0,8.3,0,11.3,7.4,0.1,0.5,2.1,1.3,0,0,0,0,0,0,0,0,0,0,0,0,0,0.1,0,0,34.4
"NWVI","WCVI",1980,5055,"2,3,4,5",28.3,5.7,1.1,8.5,0,7.4,0.2,8.7,4.6,0,0,1.2,0.4,0,0,0,0,0,0.2,0,0,0,0,0,0,0,0,0,0,33.6
"NWVI","WCVI",1981,3096,"2,3,4,5",31.6,1.6,1,13.9,0,5.8,0.1,8.3,4.7,0.3,0.4,1.2,1.5,0,0,0,0,0,0.8,0.2,0,0,0,0,0,0,0.4,0,0,28.4
"NWVI","WCVI",1982,4692,"2,3,4,5",29.2,3.5,1.6,14.7,0,6.1,0.1,7.1,4.5,0,0.1,1.3,0.9,0,0,0,0,0,0.5,0.1,0,0,0,0,0,0,0.1,0,0,30.1
"NWVI","WCVI",1983,4084,"2,3,4,5",41.5,2.7,0.4,11.1,0,5.7,0,7.9,2.3,0,0,0.6,0.4,0,0,0,0,0,0,0,0,0,0,0,0,0,0.1,0,0,27.3
"NWVI","WCVI",1984,3306,"2,3,4,5",30,4.1,0.1,13.8,0,6.7,0,3.9,2.7,0,0,0.8,1.1,0,0,0,0,0,0.1,0,0,0,0,0,0,0,0,0,0,36.7
"NWVI","WCVI",1985,1694,"2,3,4,5",19.7,13.8,0,16,0,1.4,0,0.9,3.7,0,0,1.9,0.6,0,0,0,0,0,0.2,0.2,0,0,0,0,0.2,0,1.1,0,0.2,40
"NWVI","WCVI",1986,912,"2,3,4,5",16,8.2,0.5,8.1,0.8,6.2,0,0.9,3.3,0,0,0.7,1.2,0,0,0,0,0,0.2,1.5,0,0,0,0,0,0,0,0,0,52.3
"NWVI","WCVI",1987,1620,"2,3,4,5",10.6,3.2,1,7.4,0,2.7,0.2,3.5,2.3,0,0,0.9,0.9,0,0,0,0,0,0.2,0.1,0,0,0,0,0,0,0,0,0.1,67
"NWVI","WCVI",1988,3160,"2,3,4,5",11.3,4.4,1.3,7.7,1.1,4.9,1.1,1.4,1.8,0,0,0.2,4.8,0,0,0,0,0,0.3,0.3,0,0,0,0,0,0,0,0,0.1,59.4
"NWVI","WCVI",1989,6583,"2,3,4,5",10.1,7.6,0.4,9.6,0.5,2.5,1.1,1.7,1.1,0.1,0,0.9,1.5,0,0,0,0,0,0,0.1,0,0,0,0,0,0,0,0,0,62.8
"NWVI","WCVI",1990,11146,"2,3,4,5",19,2.3,2,9.1,0.8,6.2,0.8,2.3,1.5,0.1,0,0.7,1,0,0,0,0,0,0,0,0,0,0,0,0.1,0,0,0,0,53.9
"NWVI","WCVI",1991,13821,"2,3,4,5",19.4,2.4,3.2,9.7,0.5,4.9,0.6,2.6,0.7,0.3,0,1.3,1.2,0,0,0,0,0,0,0.1,0.1,0,0,0,0,0,0,0,0,53
"NWVI","WCVI",1992,11348,"2,3,4,5",15.3,15.7,1.6,6.8,0.9,17.1,0.8,2.8,0.7,0.3,0,0.5,1.2,0,0,0,0,0,0.1,0,0,0,0,0,0,0,0,0,0.1,36
"NWVI","WCVI",1993,6709,"2,3,4,5",16,2.1,2.4,7.7,0.8,14.7,0.8,2.1,0.4,0.2,0,0.7,2.4,0,0.1,0,0,0,0,0.1,0,0,0,0,0,0,0,0,0,49.4
"NWVI","WCVI",1994,3789,"2,3,4,5",17.8,6.3,3.9,9.2,0.4,4.9,1.7,1.2,0.9,0.2,0,0.1,3.1,0,0,0,0,0,0,0.1,0,0,0,0,0,0,0,0,0,50.2
"NWVI","WCVI",1995,1493,"2,3,4,5",15.2,0,4.3,3.1,1.9,1.6,0.8,0.3,0.4,0,0,0.1,3.8,0,0,0,0,0,0.1,0,0,0,0,0,0,0,0.1,0,0.3,68.1
"NWVI","WCVI",1996,838,"2,3,4,5",8.7,0.1,4.1,2.5,0.5,0.7,0,0.5,0,1.8,0,0,3.1,0,0,0,0,0,0,0,0,0,0,0,0,0,0,0,0,78
"NWVI","WCVI",1997,2217,"2,3,4,5",14.9,3.6,4.6,4.9,1.5,0.1,0,1.8,0.5,1.1,0,0.1,2.9,0.1,0,0,0,0,0,0,0.1,0,0,0,0,0,0,0,0,63.6
"NWVI","WCVI",1998,3177,"2,3,4,5",17.3,1.7,5.3,5.6,3,0,1.5,0,0,0.4,0,0,4.2,0,0,0.1,0,0,0,0,0,0,0,0,0,0,0,0,0.1,60.8
"NWVI","WCVI",1999,1235,"2,3,4,5",12.7,1.1,7.4,5.4,6.8,0,0.9,0.2,0,0.3,0,0,3.4,0,0,0,0,0,0,0,0,0,0,0,0,0,0,0,0,61.6
"NWVI","WCVI",2000,219,"2,3,4,5",7.3,0,0,0,5.5,0,0,0,0,0,0,0,6.8,0,0,0,0,0,0,0,0,0,0,0,0,0,0,0,0,80.4
"NWVI","WCVI",2001,936,"2,3,4,5",4.3,0,1.9,0,0,0,1.6,0,0,0.5,0,0,3.4,0,0,0,0,0,0,0,0,0,0,0,0.5,0,0,0,0,87.7
"NWVI","WCVI",2002,2084,"2,3,4,5",13,0.6,1.4,3.8,2.2,0.3,1,0.1,0,2,0,0,2.6,0,0,0,0,0,0,0,0,0,0,0,0,0,0,0,0,73
"NWVI","WCVI",2003,2980,"2,3,4,5",14.6,2.1,2.9,0.8,1.6,0,0,0,0,2.9,0,0,2.6,0,0,0,0,0,0,0,0,0,0,0,0,0,0,0,0,72.6
"NWVI","WCVI",2004,4956,"2,3,4,5",13.5,8.3,2.4,2.7,1.6,0.1,0.6,0,0,2.9,0,0,3,0,0.1,0,0,0,0,0,0,0,0,0,0.2,0,0,0,0.3,64.3
"NWVI","WCVI",2005,3142,"2,3,4,5",15.5,2,4.6,3.2,4.6,0,1.1,0,0,5.4,0,0,3.5,0,0,0,0,0,0,0,0,0,0,0,0,0,0,0,0.1,60.2
"NWVI","WCVI",2006,2827,"2,3,4,5",11.5,2.5,3.9,2.6,3,0,1.8,0,0,1.9,0,0,4.2,0,0,0,0,0,0,0,0,0,0,0,0,0,0,0,0,68.5
"NWVI","WCVI",2007,2295,"2,3,4,5",16.4,3.4,5.9,4.9,5.4,0.1,1.3,0,0,1.3,0,0,4.8,0,0,0,0,0,0,0,0,0,0,0,0,0,0,0,0,56.6
"NWVI","WCVI",2008,1608,"2,3,4,5",10.1,0.4,2.6,2.6,2.5,0,0.8,0,0,2.9,0,0,2.5,0,0,0,0,0,0,0,0,0,0,0,0,0,0,0,0,75.6
"NWVI","WCVI",2009,1418,"2,3,4,5",13.3,7.2,2.9,2.2,6.3,0,1.1,0,0,5.2,0,0,5.9,0,0,0,0,0,0,0,0,0,0,0,0,0,0,0,0,55.9
"NWVI","WCVI",2010,1342,"2,3,4,5",7.8,0.3,4,3.2,4.8,0.7,2,0,0,2.5,0,0,4.8,0,0,0,0,0,0,0,0,0,0,0,0,0,0.1,0,0,69.7
"NWVI","WCVI",2011,2361,"2,3,4,5",14,2,1.5,3.5,3.6,0.2,3.9,0,0,3.5,0,0,4,0,0,0,0,0,0.6,0,0.1,0,0,0,0,0,0,0,0,63
"NWVI","WCVI",2012,1994,"2,3,4,5",13.4,3.6,1.2,2.9,2.6,0.2,2,0,0,3.2,0,0,5.2,0,0,0,0,0,0,0,0,0,0,0,0,0,0.1,0,0,65.7
"NWVI","WCVI",2013,1425,"2,3,4,5",10.8,3.9,1.5,1,4.4,0,1.1,0,0,1.6,0,0,9.1,0,0,0,0,0,0,0,0,0,0,0,0,0,0,0,0,66.7
"NWVI","WCVI",2014,2344,"2,3,4,5",14.7,2.1,3.3,2,2.9,0.8,4.7,0,0,1.4,0,0,5.3,0,0.1,0,0,0,0,0.8,0.1,0,0,0,0,0,0,0,0,61.9
"NWVI","WCVI",2015,3503,"2,3,4,5",4.1,3.3,3.1,0.4,3.7,0.3,2.8,0,0.1,2.2,0,0,8.8,0.3,0.5,0,0,0,0,0.1,0,0,0,0,0,0,0,0,0.3,69.9
"NWVI","WCVI",2016,5290,"2,3,4,5",14.2,5.2,4.8,2,3.7,0.8,0.8,0,0.1,3.5,0,0,7.1,0,0,0,0,0,0,0,0,0,0,0,0,0,0,0,0.1,57.7
"NWVI","WCVI",2017,7394,"2,3,4,5",8.2,0.7,4.3,1.7,7.3,0.6,4.2,0,0,1.6,0,1.1,7.5,0,0.1,0,0,0,0,0,0,0,0,0,0,0,0.1,0,1.3,61.6
"NWVI","WCVI",2018,8999,"2,3,4,5",5.7,0.6,1.2,4.3,6.5,1.3,4.4,0,0,2.8,0,0,7,0,0,0,0,0,0,0.1,0,0,0,0,0.1,0,0,0,0.4,65.6
"NWVI","WCVI",2019,13303,"2,3,4,5",4.8,5.8,1.9,2.6,5,0.8,2.4,0,0,3.3,0,0,6.2,0,0,0,0,0,0,0,0,0,0,0,0,0,0,0,0.1,67
"SWVI","WCVI",1979,5453,"2,3,4,5",21.2,0.6,0.7,12,0,8.3,0,11.3,7.4,0.1,0.5,2.1,1.3,0,0,0,0,0,0,0,0,0,0,0,0,0,0.1,0,0,34.4
"SWVI","WCVI",1980,5055,"2,3,4,5",28.3,5.7,1.1,8.5,0,7.4,0.2,8.7,4.6,0,0,1.2,0.4,0,0,0,0,0,0.2,0,0,0,0,0,0,0,0,0,0,33.6
"SWVI","WCVI",1981,3096,"2,3,4,5",31.6,1.6,1,13.9,0,5.8,0.1,8.3,4.7,0.3,0.4,1.2,1.5,0,0,0,0,0,0.8,0.2,0,0,0,0,0,0,0.4,0,0,28.4
"SWVI","WCVI",1982,4692,"2,3,4,5",29.2,3.5,1.6,14.7,0,6.1,0.1,7.1,4.5,0,0.1,1.3,0.9,0,0,0,0,0,0.5,0.1,0,0,0,0,0,0,0.1,0,0,30.1
"SWVI","WCVI",1983,4084,"2,3,4,5",41.5,2.7,0.4,11.1,0,5.7,0,7.9,2.3,0,0,0.6,0.4,0,0,0,0,0,0,0,0,0,0,0,0,0,0.1,0,0,27.3
"SWVI","WCVI",1984,3306,"2,3,4,5",30,4.1,0.1,13.8,0,6.7,0,3.9,2.7,0,0,0.8,1.1,0,0,0,0,0,0.1,0,0,0,0,0,0,0,0,0,0,36.7
"SWVI","WCVI",1985,1694,"2,3,4,5",19.7,13.8,0,16,0,1.4,0,0.9,3.7,0,0,1.9,0.6,0,0,0,0,0,0.2,0.2,0,0,0,0,0.2,0,1.1,0,0.2,40
"SWVI","WCVI",1986,912,"2,3,4,5",16,8.2,0.5,8.1,0.8,6.2,0,0.9,3.3,0,0,0.7,1.2,0,0,0,0,0,0.2,1.5,0,0,0,0,0,0,0,0,0,52.3
"SWVI","WCVI",1987,1620,"2,3,4,5",10.6,3.2,1,7.4,0,2.7,0.2,3.5,2.3,0,0,0.9,0.9,0,0,0,0,0,0.2,0.1,0,0,0,0,0,0,0,0,0.1,67
"SWVI","WCVI",1988,3160,"2,3,4,5",11.3,4.4,1.3,7.7,1.1,4.9,1.1,1.4,1.8,0,0,0.2,4.8,0,0,0,0,0,0.3,0.3,0,0,0,0,0,0,0,0,0.1,59.4
"SWVI","WCVI",1989,6583,"2,3,4,5",10.1,7.6,0.4,9.6,0.5,2.5,1.1,1.7,1.1,0.1,0,0.9,1.5,0,0,0,0,0,0,0.1,0,0,0,0,0,0,0,0,0,62.8
"SWVI","WCVI",1990,11146,"2,3,4,5",19,2.3,2,9.1,0.8,6.2,0.8,2.3,1.5,0.1,0,0.7,1,0,0,0,0,0,0,0,0,0,0,0,0.1,0,0,0,0,53.9
"SWVI","WCVI",1991,13821,"2,3,4,5",19.4,2.4,3.2,9.7,0.5,4.9,0.6,2.6,0.7,0.3,0,1.3,1.2,0,0,0,0,0,0,0.1,0.1,0,0,0,0,0,0,0,0,53
"SWVI","WCVI",1992,11348,"2,3,4,5",15.3,15.7,1.6,6.8,0.9,17.1,0.8,2.8,0.7,0.3,0,0.5,1.2,0,0,0,0,0,0.1,0,0,0,0,0,0,0,0,0,0.1,36
"SWVI","WCVI",1993,6709,"2,3,4,5",16,2.1,2.4,7.7,0.8,14.7,0.8,2.1,0.4,0.2,0,0.7,2.4,0,0.1,0,0,0,0,0.1,0,0,0,0,0,0,0,0,0,49.4
"SWVI","WCVI",1994,3789,"2,3,4,5",17.8,6.3,3.9,9.2,0.4,4.9,1.7,1.2,0.9,0.2,0,0.1,3.1,0,0,0,0,0,0,0.1,0,0,0,0,0,0,0,0,0,50.2
"SWVI","WCVI",1995,1493,"2,3,4,5",15.2,0,4.3,3.1,1.9,1.6,0.8,0.3,0.4,0,0,0.1,3.8,0,0,0,0,0,0.1,0,0,0,0,0,0,0,0.1,0,0.3,68.1
"SWVI","WCVI",1996,838,"2,3,4,5",8.7,0.1,4.1,2.5,0.5,0.7,0,0.5,0,1.8,0,0,3.1,0,0,0,0,0,0,0,0,0,0,0,0,0,0,0,0,78
"SWVI","WCVI",1997,2217,"2,3,4,5",14.9,3.6,4.6,4.9,1.5,0.1,0,1.8,0.5,1.1,0,0.1,2.9,0.1,0,0,0,0,0,0,0.1,0,0,0,0,0,0,0,0,63.6
"SWVI","WCVI",1998,3177,"2,3,4,5",17.3,1.7,5.3,5.6,3,0,1.5,0,0,0.4,0,0,4.2,0,0,0.1,0,0,0,0,0,0,0,0,0,0,0,0,0.1,60.8
"SWVI","WCVI",1999,1235,"2,3,4,5",12.7,1.1,7.4,5.4,6.8,0,0.9,0.2,0,0.3,0,0,3.4,0,0,0,0,0,0,0,0,0,0,0,0,0,0,0,0,61.6
"SWVI","WCVI",2000,219,"2,3,4,5",7.3,0,0,0,5.5,0,0,0,0,0,0,0,6.8,0,0,0,0,0,0,0,0,0,0,0,0,0,0,0,0,80.4
"SWVI","WCVI",2001,936,"2,3,4,5",4.3,0,1.9,0,0,0,1.6,0,0,0.5,0,0,3.4,0,0,0,0,0,0,0,0,0,0,0,0.5,0,0,0,0,87.7
"SWVI","WCVI",2002,2084,"2,3,4,5",13,0.6,1.4,3.8,2.2,0.3,1,0.1,0,2,0,0,2.6,0,0,0,0,0,0,0,0,0,0,0,0,0,0,0,0,73
"SWVI","WCVI",2003,2980,"2,3,4,5",14.6,2.1,2.9,0.8,1.6,0,0,0,0,2.9,0,0,2.6,0,0,0,0,0,0,0,0,0,0,0,0,0,0,0,0,72.6
"SWVI","WCVI",2004,4956,"2,3,4,5",13.5,8.3,2.4,2.7,1.6,0.1,0.6,0,0,2.9,0,0,3,0,0.1,0,0,0,0,0,0,0,0,0,0.2,0,0,0,0.3,64.3
"SWVI","WCVI",2005,3142,"2,3,4,5",15.5,2,4.6,3.2,4.6,0,1.1,0,0,5.4,0,0,3.5,0,0,0,0,0,0,0,0,0,0,0,0,0,0,0,0.1,60.2
"SWVI","WCVI",2006,2827,"2,3,4,5",11.5,2.5,3.9,2.6,3,0,1.8,0,0,1.9,0,0,4.2,0,0,0,0,0,0,0,0,0,0,0,0,0,0,0,0,68.5
"SWVI","WCVI",2007,2295,"2,3,4,5",16.4,3.4,5.9,4.9,5.4,0.1,1.3,0,0,1.3,0,0,4.8,0,0,0,0,0,0,0,0,0,0,0,0,0,0,0,0,56.6
"SWVI","WCVI",2008,1608,"2,3,4,5",10.1,0.4,2.6,2.6,2.5,0,0.8,0,0,2.9,0,0,2.5,0,0,0,0,0,0,0,0,0,0,0,0,0,0,0,0,75.6
"SWVI","WCVI",2009,1418,"2,3,4,5",13.3,7.2,2.9,2.2,6.3,0,1.1,0,0,5.2,0,0,5.9,0,0,0,0,0,0,0,0,0,0,0,0,0,0,0,0,55.9
"SWVI","WCVI",2010,1342,"2,3,4,5",7.8,0.3,4,3.2,4.8,0.7,2,0,0,2.5,0,0,4.8,0,0,0,0,0,0,0,0,0,0,0,0,0,0.1,0,0,69.7
"SWVI","WCVI",2011,2361,"2,3,4,5",14,2,1.5,3.5,3.6,0.2,3.9,0,0,3.5,0,0,4,0,0,0,0,0,0.6,0,0.1,0,0,0,0,0,0,0,0,63
"SWVI","WCVI",2012,1994,"2,3,4,5",13.4,3.6,1.2,2.9,2.6,0.2,2,0,0,3.2,0,0,5.2,0,0,0,0,0,0,0,0,0,0,0,0,0,0.1,0,0,65.7
"SWVI","WCVI",2013,1425,"2,3,4,5",10.8,3.9,1.5,1,4.4,0,1.1,0,0,1.6,0,0,9.1,0,0,0,0,0,0,0,0,0,0,0,0,0,0,0,0,66.7
"SWVI","WCVI",2014,2344,"2,3,4,5",14.7,2.1,3.3,2,2.9,0.8,4.7,0,0,1.4,0,0,5.3,0,0.1,0,0,0,0,0.8,0.1,0,0,0,0,0,0,0,0,61.9
"SWVI","WCVI",2015,3503,"2,3,4,5",4.1,3.3,3.1,0.4,3.7,0.3,2.8,0,0.1,2.2,0,0,8.8,0.3,0.5,0,0,0,0,0.1,0,0,0,0,0,0,0,0,0.3,69.9
"SWVI","WCVI",2016,5290,"2,3,4,5",14.2,5.2,4.8,2,3.7,0.8,0.8,0,0.1,3.5,0,0,7.1,0,0,0,0,0,0,0,0,0,0,0,0,0,0,0,0.1,57.7
"SWVI","WCVI",2017,7394,"2,3,4,5",8.2,0.7,4.3,1.7,7.3,0.6,4.2,0,0,1.6,0,1.1,7.5,0,0.1,0,0,0,0,0,0,0,0,0,0,0,0.1,0,1.3,61.6
"SWVI","WCVI",2018,8999,"2,3,4,5",5.7,0.6,1.2,4.3,6.5,1.3,4.4,0,0,2.8,0,0,7,0,0,0,0,0,0,0.1,0,0,0,0,0.1,0,0,0,0.4,65.6
"SWVI","WCVI",2019,13303,"2,3,4,5",4.8,5.8,1.9,2.6,5,0.8,2.4,0,0,3.3,0,0,6.2,0,0,0,0,0,0,0,0,0,0,0,0,0,0,0,0.1,67
"Quinsum","ECVI",1979,1703,"2,3,4,5",6.64,4.11,0.76,5.75,0,0,0,11.04,18.73,2.64,2.7,4.29,5.11,0,0,0,0,0,0,0,0,0,0,0,0,0,0,0,0,38.23
"Quinsum","ECVI",1980,1702,"2,3,4,5",14.39,4.52,3.23,10.69,0,0,0,16.75,12.75,5.05,1.29,8.28,7.29,0,0,0,0,0,0,0,0,0,0,0,0,0,0,0,0,15.75
"Quinsum","ECVI",1981,1740,"2,3,4,5",11.95,4.14,1.84,13.05,0,0.52,0,12.18,10.34,4.2,2.07,6.32,11.38,0,0,0,0,0,0,0,0,0,0,0,0,0,0,0,0,22.01
"Quinsum","ECVI",1982,1240,"2,3,4,5",19.19,5.81,5.4,8.71,0,0.32,0,6.61,19.35,1.69,0,7.02,4.6,0,0,0,0,0,0,0,0,0,0,0,0,0,0,0,0,21.29
"Quinsum","ECVI",1983,1367,"2,3,4,5",25.24,1.24,0.29,14.7,0,0.66,0,11.34,15.95,1.54,0.22,7.61,5.49,0,0,0,0,0,0,0,0,0,0,0,0,0,0,0,0,15.73
"Quinsum","ECVI",1984,1278,"2,3,4,5",16.59,4.3,5.56,6.1,0,0.78,0,5.01,14.55,1.96,0.86,6.34,10.17,0,0,0,0,0,0,0,0,0,0,0,0,0,0,0,0,27.78
"Quinsum","ECVI",1985,1774,"2,3,4,5",28.64,8.12,4.45,5.02,0,0.11,0,3.55,10.6,0.56,0,7.44,4.34,0,0,0,0,0,0,0,0,0,0,0,0.23,0,0,0,0,26.94
"Quinsum","ECVI",1986,2048,"2,3,4,5",15.67,10.06,3.86,6.3,0,0,0,7.03,17.53,1.66,0.2,5.81,6.84,0,0,0,0,0,0,0,0,0,0,0,0,0,0,0,0,25.05
"Quinsum","ECVI",1987,1497,"2,3,4,5",14.5,7.62,1.94,7.68,0,0.47,0.33,7.35,15.83,3.27,0.2,6.15,7.01,0,0,0,0,0,0,0,0,0,0,0,0,0,0,0,0.07,27.59
"Quinsum","ECVI",1988,1703,"2,3,4,5",19.32,4.99,1.35,6.87,0,0.82,0,2.58,5.34,1.29,0.18,3.82,6.4,0,0,0,0,0,0,0.18,0,0,0,0,0,0,0,0,0.06,46.8
"Quinsum","ECVI",1989,1951,"2,3,4,5",13.89,8.41,2.77,4,0.36,0.26,0,1.95,4.66,2.36,0,11.74,8.05,0,0,0,0,0.1,0,0,0,0,0,0,0,0,0,0,0,41.47
"Quinsum","ECVI",1990,1265,"2,3,4,5",17.71,5.22,0.47,6.96,0.32,1.42,0,5.14,9.72,3.64,1.58,3.87,6.96,0,0,0,0,0,0,0,0.24,0,0,0,0,0,0,0,0.08,36.68
"Quinsum","ECVI",1991,849,"2,3,4,5",10.84,5.3,1.53,6.36,0,0.59,0,10.25,9.89,6.6,0.71,3.3,9.78,0,0,0,0,0,0,0,0,0,0,0,0,0,0,0,0,34.86
"Quinsum","ECVI",1992,681,"2,3,4,5",14.98,2.64,2.64,11.16,0,0.29,0,10.13,7.49,3.96,0.44,2.5,5.43,0,0,0,0,0,0,0,0,0,0,0,0,0,0,0,0,38.33
"Quinsum","ECVI",1993,401,"2,3,4,5",8.73,6.23,1.25,6.23,0,1.25,0,6.48,17.71,6.23,0.75,2.99,13.47,0,0,0,0,0,0,0,0,0,0,0,0,0,0,0,0,28.68
"Quinsum","ECVI",1994,567,"2,3,4,5",2.82,48.32,2.47,6.17,0,0,0,0.71,7.76,1.41,0,2.12,4.06,0,0,0,0,0,0,0,0.35,0,0,0,0,0,0,0,0,23.81
"Quinsum","ECVI",1995,288,"2,3,4,5",7.99,7.99,0,11.81,2.43,0,0,0,17.36,2.08,0,2.08,9.03,0,0,0,0,0,0,0,0,0,0,0,0,0,0,0,0,39.24
"Quinsum","ECVI",1996,295,"2,3,4,5",6.78,1.02,0,1.36,0.34,0,0,0,18.98,2.37,0,0.34,9.83,0,0,0,0,0,0,0,0.34,0,0,0,0,0,0,0,0,58.64
"Quinsum","ECVI",1997,467,"2,3,4,5",10.71,4.5,3.21,3.64,1.07,0.43,1.93,2.57,2.57,2.57,0,1.71,16.7,0,0,0,0,0,0,0,0,0,0,0,0,0,0,0,0,48.39
"Quinsum","ECVI",1998,596,"2,3,4,5",15.44,3.52,2.52,0,1.17,0,0,0,0.34,4.36,0,0,9.56,0,0,0,0,0,0.34,0,0,0,0,0,0,0,0,0,0.34,62.42
"Quinsum","ECVI",1999,1025,"2,3,4,5",9.17,3.41,4.98,2.15,2.63,0,0,0.29,1.17,7.02,0,0,12.39,0,0,0,0,0,0,0,0,0,0,0,0,0,0,0,0,56.78
"Quinsum","ECVI",2000,877,"2,3,4,5",13.68,2.85,5.25,0.34,0,0,0,0,0,3.19,0,1.6,4.9,0,0,0,0,0,0,0,0,0,0,0,0,0,0,0,0,68.19
"Quinsum","ECVI",2001,1338,"2,3,4,5",10.39,2.32,2.84,0.07,0,0,0,0,0,3.96,0,0.6,2.17,0,0,0,0,0,0,0,0,0,0,0,0,0,0,0,0,77.65
"Quinsum","ECVI",2002,1004,"2,3,4,5",14.84,2.69,1.49,0.5,0,0,0,0.1,0,7.27,0,0,6.08,0,0,0,0,0,0,0,0,0,0,0,0,0,0,0,0.2,66.83
"Quinsum","ECVI",2003,548,"2,3,4,5",20.62,2.19,0.73,0,1.46,0,0,0,0,15.69,0,0,4.38,0,0,0,0,0,0,0,0,0,0,0,0,0,0,0,0,54.93
"Quinsum","ECVI",2004,811,"2,3,4,5",7.77,19.61,1.36,0.25,0,0,0,0,2.34,11.47,0,0,3.95,0,0,0,0,0,0,0,0,0,0,0,0,0,0,0,0.12,53.14
"Quinsum","ECVI",2005,873,"2,3,4,5",19.36,2.29,4.24,0.46,1.03,0,0,0,1.37,8.36,0,0,9.05,0,0,0,0,0,0,0,0,0,0,0,0,0,0,0,0,53.84
"Quinsum","ECVI",2006,873,"2,3,4,5",16.84,4.81,3.21,0.69,4.24,0,0,0,0,2.63,0,0,6.3,0,0,0,0,0,0,0,0,0,0,0,0,0,0,0,0.11,61.17
"Quinsum","ECVI",2007,636,"2,3,4,5",21.7,5.5,1.42,3.14,0.79,0,0,0,0.94,9.59,0,0,7.39,0,0,0,0,0,0,0,0,0,0,0,0,0,0,0,0,49.53
"Quinsum","ECVI",2008,407,"2,3,4,5",12.53,2.21,0.49,0.74,0,0,0,0,0,7.37,0,0,4.91,0,0,0,0,0,0,0,0,0,0,0,0,0,0,0,0,71.74
"Quinsum","ECVI",2009,458,"2,3,4,5",11.79,4.37,2.18,0.87,5.24,0,1.53,0,0,4.37,0,1.53,10.48,0,0,0,0,0,0,0,0,0,0,0,0,0,0,0,0,57.64
"Quinsum","ECVI",2010,479,"2,3,4,5",8.14,7.52,1.04,0,1.25,0,0,0,0,4.59,0,0,24.43,0,0,0,0,0,0,0,0.42,0,0,0,1.04,0,0,0,0,51.57
"Quinsum","ECVI",2011,755,"2,3,4,5",10.86,8.08,0.66,0,2.12,0,0,0,0,12.72,0,0,4.9,0,0,0,0,0,0,0,0,0,0,0,0,0,0,0,0,60.66
"Quinsum","ECVI",2012,853,"2,3,4,5",16.53,6.21,2.23,0.7,0.59,0,0,0,0,8.91,0,0,6.92,0,0,0,0,0,0,0,0,0,0,0,0,0,0,0,0,57.91
"Quinsum","ECVI",2013,729,"2,3,4,5",10.84,7.41,0.96,0.41,1.78,0,0,0,0,5.21,0,0,4.53,0,0,0,0,0,0,0,0.55,0,0,0,0,0,0,0,0,68.31
"Quinsum","ECVI",2014,500,"2,3,4,5",11.8,5.8,1.4,0,0.4,0,0,0.2,0,4,0,0,6.2,0,0,0,0,0,0,0,0,0,0,0,0,0,0,0,0.8,69.4
"Quinsum","ECVI",2015,890,"2,3,4,5",9.55,5.51,1.35,0,0.9,0,0.56,0,0,9.78,0,0,17.3,0,0,0,0,0,0,0,0.22,0,0,0,0,0,0,0,0.67,54.16
"Quinsum","ECVI",2016,2505,"2,3,4,5",11.7,5.31,2.51,0.16,2.16,0,0,0,0,10.82,0,0,10.5,0,0,0,0,0,0,0,0.08,0,0,0,0,0,0,0,0.04,56.73
"Quinsum","ECVI",2017,2726,"2,3,4,5",10.86,1.47,2.57,1.21,2.6,0.15,0.29,0,0,11.12,0,0,12.77,0,0,0,0,0,0,0,0,0,0,0,0,0,0,0,0.11,56.86
"Quinsum","ECVI",2018,2543,"2,3,4,5",9.44,2.6,1.26,2.01,5.74,0,0,0,0.83,13.17,0,0,13.25,0,0,0,0,0,0,0,0.31,0,0,0,0,0,0,0,0.08,51.32
"Quinsum","ECVI",2019,3145,"2,3,4,5",7.92,10.02,1.49,0.51,2.77,0.06,0.29,0,0,20,0,0,7.28,0.03,0,0,0,0,0,0,0.16,0,0,0.1,0,0,0,0,0.06,49.32
"EVIN","ECVI",1979,1703,"2,3,4,5",6.6,4.1,0.8,5.8,0,0,0,11,18.7,2.6,2.7,4.3,4.6,0,0,0,0,0,0,0,0,0,0,0,0,0,0,0,0,38.8
"EVIN","ECVI",1980,1702,"2,3,4,5",14.4,4.5,3.2,10.7,0,0,0,16.7,12.7,5.1,1.3,8.3,5.9,0,0,0,0,0,0,0,0,0,0,0,0,0,0,0,0,17.2
"EVIN","ECVI",1981,1740,"2,3,4,5",12,4.1,1.8,13,0,0.5,0,12.2,10.3,4.2,2.1,6.3,11.4,0,0,0,0,0,0,0,0,0,0,0,0,0,0,0,0,22
"EVIN","ECVI",1982,1240,"2,3,4,5",19.2,5.8,5.4,8.7,0,0.3,0,6.6,19.4,1.7,0,7,4.1,0,0,0,0,0,0,0,0,0,0,0,0,0,0,0,0,21.8
"EVIN","ECVI",1983,1367,"2,3,4,5",25.2,1.2,0.3,14.7,0,0.7,0,11.3,15.9,1.5,0.2,7.6,4.8,0,0,0,0,0,0,0,0,0,0,0,0,0,0,0,0,16.4
"EVIN","ECVI",1984,1278,"2,3,4,5",16.6,4.3,5.6,6.1,0,0.8,0,5,14.6,2,0.9,6.3,8.2,0,0,0,0,0,0,0,0,0,0,0,0,0,0,0,0,29.7
"EVIN","ECVI",1985,1774,"2,3,4,5",28.6,8.1,4.5,5,0,0.1,0,3.6,10.6,0.6,0,7.4,4.1,0,0,0,0,0,0,0,0,0,0,0,0,0,0,0,0,27.4
"EVIN","ECVI",1986,2048,"2,3,4,5",15.7,10.1,3.9,6.3,0,0,0,7,17.5,1.7,0.2,5.8,5.8,0,0,0,0,0,0,0,0,0,0,0,0,0,0,0,0,26.1
"EVIN","ECVI",1987,1497,"2,3,4,5",14.5,7.6,1.9,7.7,0,0.5,0.3,7.3,15.8,3.3,0.2,6.1,4.2,0,0,0,0,0,0,0,0,0,0,0,0,0,0,0,0.1,30.4
"EVIN","ECVI",1988,1703,"2,3,4,5",19.3,5,1.4,6.9,0,0.8,0,2.6,5.3,1.3,0.2,3.8,4.8,0,0,0,0,0,0,0.2,0,0,0,0,0,0,0,0,0.1,48.4
"EVIN","ECVI",1989,1951,"2,3,4,5",13.9,8.4,2.8,4,0.4,0.3,0,1.9,4.7,2.4,0,11.7,7.7,0,0,0,0,0.1,0,0,0,0,0,0,0,0,0,0,0,41.8
"EVIN","ECVI",1990,1265,"2,3,4,5",17.7,5.2,0.5,7,0.3,1.4,0,5.1,9.7,3.6,1.6,3.9,1.3,0,0,0,0,0,0,0,0.2,0,0,0,0,0,0,0,0.1,42.4
"EVIN","ECVI",1991,849,"2,3,4,5",10.8,5.3,1.5,6.4,0,0.6,0,10.2,9.9,6.6,0.7,3.3,6.8,0,0,0,0,0,0,0,0,0,0,0,0,0,0,0,0,37.8
"EVIN","ECVI",1992,681,"2,3,4,5",15,2.6,2.6,11.2,0,0.3,0,10.1,7.5,4,0.4,2.5,5,0,0,0,0,0,0,0,0,0,0,0,0,0,0,0,0,38.8
"EVIN","ECVI",1993,401,"2,3,4,5",8.7,6.2,1.2,6.2,0,1.2,0,6.5,17.7,6.2,0.7,3,11.7,0,0,0,0,0,0,0,0,0,0,0,0,0,0,0,0,30.4
"EVIN","ECVI",1994,567,"2,3,4,5",2.8,48.3,2.5,6.2,0,0,0,0.7,7.8,1.4,0,2.1,3.5,0,0,0,0,0,0,0,0.4,0,0,0,0,0,0,0,0,24.3
"EVIN","ECVI",1995,288,"2,3,4,5",8,8,0,11.8,2.4,0,0,0,17.4,2.1,0,2.1,6.9,0,0,0,0,0,0,0,0,0,0,0,0,0,0,0,0,41.3
"EVIN","ECVI",1996,295,"2,3,4,5",6.8,1,0,1.4,0.3,0,0,0,19,2.4,0,0.3,7.5,0,0,0,0,0,0,0,0.3,0,0,0,0,0,0,0,0,61
"EVIN","ECVI",1997,467,"2,3,4,5",10.7,4.5,3.2,3.6,1.1,0.4,1.9,2.6,2.6,2.6,0,1.7,13.7,0,0,0,0,0,0,0,0,0,0,0,0,0,0,0,0,51.4
"EVIN","ECVI",1998,596,"2,3,4,5",15.4,3.5,2.5,0,1.2,0,0,0,0.3,4.4,0,0,6,0,0,0,0,0,0.3,0,0,0,0,0,0,0,0,0,0.3,65.9
"EVIN","ECVI",1999,1025,"2,3,4,5",9.2,3.4,5,2.1,2.6,0,0,0.3,1.2,7,0,0,1.5,0,0,0,0,0,0,0,0,0,0,0,0,0,0,0,0,67.7
"EVIN","ECVI",2000,877,"2,3,4,5",13.7,2.9,5.2,0.3,0,0,0,0,0,3.2,0,1.6,3.3,0,0,0,0,0,0,0,0,0,0,0,0,0,0,0,0,69.8
"EVIN","ECVI",2001,1338,"2,3,4,5",10.4,2.3,2.8,0.1,0,0,0,0,0,4,0,0.6,1.9,0,0,0,0,0,0,0,0,0,0,0,0,0,0,0,0,78
"EVIN","ECVI",2002,1004,"2,3,4,5",14.8,2.7,1.5,0.5,0,0,0,0.1,0,7.3,0,0,2.2,0,0,0,0,0,0,0,0,0,0,0,0,0,0,0,0.2,70.7
"EVIN","ECVI",2003,548,"2,3,4,5",20.6,2.2,0.7,0,1.5,0,0,0,0,15.7,0,0,0.4,0,0,0,0,0,0,0,0,0,0,0,0,0,0,0,0,58.9
"EVIN","ECVI",2004,811,"2,3,4,5",7.8,19.6,1.4,0.2,0,0,0,0,2.3,11.5,0,0,1.2,0,0,0,0,0,0,0,0,0,0,0,0,0,0,0,0.1,55.9
"EVIN","ECVI",2005,873,"2,3,4,5",19.4,2.3,4.2,0.5,1,0,0,0,1.4,8.4,0,0,1.6,0,0,0,0,0,0,0,0,0,0,0,0,0,0,0,0,61.3
"EVIN","ECVI",2006,873,"2,3,4,5",16.8,4.8,3.2,0.7,4.2,0,0,0,0,2.6,0,0,5.2,0,0,0,0,0,0,0,0,0,0,0,0,0,0,0,0.1,62.3
"EVIN","ECVI",2007,636,"2,3,4,5",21.7,5.5,1.4,3.1,0.8,0,0,0,0.9,9.6,0,0,4.9,0,0,0,0,0,0,0,0,0,0,0,0,0,0,0,0,52
"EVIN","ECVI",2008,407,"2,3,4,5",12.5,2.2,0.5,0.7,0,0,0,0,0,7.4,0,0,4.4,0,0,0,0,0,0,0,0,0,0,0,0,0,0,0,0,72.2
"EVIN","ECVI",2009,458,"2,3,4,5",11.8,4.4,2.2,0.9,5.2,0,1.5,0,0,4.4,0,1.5,8.5,0,0,0,0,0,0,0,0,0,0,0,0,0,0,0,0,59.6
"EVIN","ECVI",2010,479,"2,3,4,5",8.1,7.5,1,0,1.3,0,0,0,0,4.6,0,0,18,0,0,0,0,0,0,0,0.4,0,0,0,1,0,0,0,0,58
"EVIN","ECVI",2011,755,"2,3,4,5",10.9,8.1,0.7,0,2.1,0,0,0,0,12.7,0,0,2,0,0,0,0,0,0,0,0,0,0,0,0,0,0,0,0,63.6
"EVIN","ECVI",2012,853,"2,3,4,5",16.5,6.2,2.2,0.7,0.6,0,0,0,0,8.9,0,0,3.4,0,0,0,0,0,0,0,0,0,0,0,0,0,0,0,0,61.4
"EVIN","ECVI",2013,729,"2,3,4,5",10.8,7.4,1,0.4,1.8,0,0,0,0,5.2,0,0,2.7,0,0,0,0,0,0,0,0.5,0,0,0,0,0,0,0,0,70.1
"EVIN","ECVI",2014,500,"2,3,4,5",11.8,5.8,1.4,0,0.4,0,0,0.2,0,4,0,0,5,0,0,0,0,0,0,0,0,0,0,0,0,0,0,0,0.8,70.6
"EVIN","ECVI",2015,890,"2,3,4,5",9.6,5.5,1.3,0,0.9,0,0.6,0,0,9.8,0,0,16.2,0,0,0,0,0,0,0,0.2,0,0,0,0,0,0,0,0.7,55.3
"EVIN","ECVI",2016,2505,"2,3,4,5",11.7,5.3,2.5,0.2,2.2,0,0,0,0,10.8,0,0,6.1,0,0,0,0,0,0,0,0.1,0,0,0,0,0,0,0,0,61.2
"EVIN","ECVI",2017,2726,"2,3,4,5",10.9,1.5,2.6,1.2,2.6,0.1,0.3,0,0,11.1,0,0,9.3,0,0,0,0,0,0,0,0,0,0,0,0,0,0,0,0.1,60.3
"EVIN","ECVI",2018,2543,"2,3,4,5",9.4,2.6,1.3,2,5.7,0,0,0,0.8,13.2,0,0,11.1,0,0,0,0,0,0,0,0.3,0,0,0,0,0,0,0,0.1,53.4
"EVIN","ECVI",2019,3145,"2,3,4,5",7.9,10,1.5,0.5,2.8,0.1,0.3,0,0,20,0,0,6.3,0,0,0,0,0,0,0,0.2,0,0,0.1,0,0,0,0,0.1,50.3
"Puntledge","ECVI",1979,1579,"2,3,4",1.84,0.25,0.25,2.66,0,1.14,0,8.42,6.27,0.25,19.38,6.21,18.87,0,0,0,0,0,0,0,0,0,0,0,0,0,0,0,0,34.45
"Puntledge","ECVI",1980,919,"2,3,4,5",2.29,0,0.44,1.96,0,4.79,0,5.77,4.24,0,14.69,5.44,23.94,0,0,0,0,0,0,0,0,0,0,0,0,0,0,0,0,36.45
"Puntledge","ECVI",1981,589,"2,3,4,5",0.85,0,0,4.92,0,0,0,7.64,3.4,0,20.88,5.26,44.14,0,0,0,0,0,0,0,0,0,0,0,0,0,0,0,0,12.9
"Puntledge","ECVI",1982,551,"2,3,4,5",1.09,0.54,0,4.17,0,2.18,0,16.52,6.72,0,5.99,17.24,20.15,0,0,0,0,0,0,0,0,0,0,0,0,0,0,0,0,25.41
"Puntledge","ECVI",1983,538,"2,3,4,5",1.86,0.19,0,8.36,0,2.79,0,17.29,5.02,0.56,12.64,2.79,16.54,0,0,0,0,0,0,0,0,0,0,0,0,0,0,0,0,31.97
"Puntledge","ECVI",1984,319,"2,3,4,5",0,0.94,0,2.19,0,2.19,0,5.64,3.76,0,5.96,2.82,19.75,0,0,0,0,0,0,0,0,0,0,0,0,0,0,0,0.31,56.43
"Puntledge","ECVI",1985,157,"2,3,4,5",13.38,0.64,3.18,6.37,0,0,0,1.27,7.64,3.18,0,5.1,36.94,0,0,0,0,0,0,0,0,0,0,0,0,0,0,0,0,22.29
"Puntledge","ECVI",1986,205,"2,3,4,5",5.85,0,5.37,2.44,0,2.44,0,4.39,10.24,0,12.68,1.46,32.2,0,0,0,0,0,0,0,0,0,0,0,0,0,0,0,0,22.93
"Puntledge","ECVI",1987,165,"2,3,4,5",3.03,1.21,0,15.15,3.03,0,4.24,2.42,6.67,0,0,0,24.85,0,0,0,0,0,0,0,0,0,0,0,0,0,0,0,0,39.39
"Puntledge","ECVI",1988,104,"2,3,4,5",11.54,0,0,0,0,0,0,0,4.81,0,0,0.96,36.54,0,0,0,0,0,0,0,0,0,0,0,0,0,0,0,0.96,45.19
"Puntledge","ECVI",1989,76,"2,3,4,5",2.63,0,0,0,0,0,0,0,0,0,0,0,52.63,0,0,0,0,0,0,0,0,0,0,0,0,0,0,0,5.26,39.47
"Puntledge","ECVI",1990,100,"2,3,4,5",8,0,0,0,0,0,0,3,11,0,0,5,14,0,0,0,0,0,0,0,0,0,0,0,0,0,0,0,0,59
"Puntledge","ECVI",1991,129,"2,3,4,5",5.43,7.75,0,0,0,0,0,0,5.43,2.33,0,5.43,43.41,0,0,0,0,0,0,0,0,0,0,0,0,0,0,0,0,30.23
"Puntledge","ECVI",1992,105,"2,3,4,5",0,0,0,0,0,0,0,0,6.67,0,3.81,13.33,44.76,0,0,0,0,0,0,0,0,0,0,0,0,0,0,0,0,31.43
"Puntledge","ECVI",1993,83,"2,3,4,5",0,0,0,0,0,0,0,0,7.23,4.82,0,0,60.24,0,0,0,0,0,0,0,0,0,0,0,0,0,0,0,0,27.71
"Puntledge","ECVI",1994,34,"2,3,4,5",5.88,0,0,0,0,0,0,0,5.88,0,0,2.94,61.76,0,0,0,0,0,0,0,0,0,0,0,0,0,0,0,0,23.53
"Puntledge","ECVI",1995,46,"2,3,4,5",4.35,2.17,0,0,0,0,0,0,13.04,0,0,2.17,41.3,0,0,0,0,0,0,0,0,0,0,0,0,0,0,0,0,36.96
"Puntledge","ECVI",1996,53,"2,3,4,5",0,0,0,0,0,0,0,0,1.89,0,0,0,45.28,0,0,0,0,0,0,0,0,0,0,0,0,0,0,0,0,52.83
"Puntledge","ECVI",1997,27,"3,4,5",0,0,0,0,0,0,0,0,7.41,0,0,0,14.81,0,0,0,0,0,0,0,0,0,0,0,0,0,0,0,0,77.78
"Puntledge","ECVI",1998,9,"2,4,5",0,0,0,0,0,0,0,0,0,88.89,0,0,0,0,0,0,0,0,0,0,0,0,0,0,0,0,0,0,0,11.11
"Puntledge","ECVI",1999,51,"2,3,5",0,0,0,0,0,0,0,0,3.92,0,0,0,17.65,0,0,0,0,0,0,0,0,0,0,0,0,0,0,0,0,78.43
"Puntledge","ECVI",2000,64,"2,3,4",1.56,1.56,0,0,0,0,0,0,0,0,0,0,12.5,0,0,0,0,0,0,0,0,0,0,0,0,0,0,0,0,84.38
"Puntledge","ECVI",2001,214,"2,3,4,5",2.8,0.47,0,0,0,2.8,0,0,0,0,0,0,4.21,0,0,0,0,0,0,0,0,0,0,0,0,0,0,0,0,89.72
"Puntledge","ECVI",2002,121,"2,3,4,5",5.79,0,0,0,0,0,11.57,0,0,9.92,0,0,4.96,0,0,0,0,0,0,0,0,0,0,0,0,0,0,0,0,67.77
"Puntledge","ECVI",2003,124,"2,3,4,5",0,0,0,0,0,0,0,0,0.81,0,0,0,18.55,0,0,0,0,0,0,0,0,0,0,0,0,0,0,0,6.45,74.19
"Puntledge","ECVI",2004,105,"2,3,4,5",16.19,0.95,0,0,0,2.86,0,0,0,0,0,0,11.43,0,0,0,0,0,0,0,0,0,0,0,0,0,0,0,0,68.57
"Puntledge","ECVI",2005,333,"2,3,4,5",1.5,0,0,1.2,0,0.6,0,0,0,0,0,0,27.33,0,0,0,0,0,0,0,0,0,0,0,0,0,0,0,0,69.37
"Puntledge","ECVI",2006,303,"2,3,4,5",7.92,1.98,0,0.66,0,0,0,0,0,0,0,0,9.24,0,0,0,0,0,0,0,0,0,0,0,0,0,0,0,0,80.2
"Puntledge","ECVI",2007,432,"2,3,4,5",11.57,8.33,1.62,0.69,0,0,0,0,0.46,0,0,0,5.79,0,0,0,0,0,0,0,0,0,0,0,0,0,0,0,0.23,71.3
"Puntledge","ECVI",2008,271,"2,3,4,5",1.48,1.11,0,0,0,0,5.17,0,0,5.17,0,0,10.7,0,0,0,0,0,0,0,0,0,0,0,0,0,0,0,0,76.38
"Puntledge","ECVI",2009,612,"2,3,4,5",5.23,1.8,0.16,1.14,0.49,0,0,0,0,0,0,0,14.71,0,0,0,0,0,0,0,0,0,0,0,0,0,0,0,0,76.47
"Puntledge","ECVI",2010,491,"2,3,4,5",7.33,0.81,0,0,1.02,1.63,1.02,0,0,2.85,0,0,15.48,0,0,0,0,0,0,0,0,0,0,0,0,0,0,0,0,69.86
"Puntledge","ECVI",2011,332,"2,3,4,5",6.63,3.31,0.3,1.2,1.51,0,0,0,0,8.43,0,0,11.75,0,0,0,0,0,0,0,0,0,0,0,0,0,0,0,0,66.87
"Puntledge","ECVI",2012,216,"2,3,4,5",12.04,0,0,0,0,0,2.78,0,0,2.31,0,0,25.93,0,0,0,0,0,0,0,0,0,0,0,0,0,0,0,0,56.94
"Puntledge","ECVI",2013,273,"2,3,4,5",0,1.47,0,1.47,2.2,0,0,0,0,0.37,0,0,32.6,0,0,0,0,0,0,0,0,0,0,0,0,0,0,0,0,61.9
"Puntledge","ECVI",2014,506,"2,3,4,5",1.58,0,1.19,0.79,0,0,0,0,0.2,0.99,0,0,23.52,0,0,0,0,0,0,0,0,0,0,0,0,0,0,0,0,71.74
"Puntledge","ECVI",2015,338,"2,3,4,5",6.21,0,0,0,1.48,0.89,0,0,0,2.96,0,0,18.93,0,0,0,0,0,0,3.85,0,0,0,0,0,0,0,0,0,65.68
"Puntledge","ECVI",2016,425,"2,3,4,5",4.94,4.94,0.47,2.82,0,0,0,0,0,3.53,0,0,33.18,0,0,0,0,0,0,0,0,0,0,0,0,0,0,0,0,50.12
"Puntledge","ECVI",2017,372,"2,3,4,5",7.53,0.54,0.54,0,1.61,1.34,0,0,0.27,8.6,0,0,39.78,0,0,0,0,0,0,0,0,0,0,0,0,0,0,0,0,39.78
"Puntledge","ECVI",2018,463,"2,3,4,5",3.67,0,1.08,0.65,0.65,0,0,0,0,3.46,0,0,30.24,0,0,0,0,0,0,0,0,0,0,0,0,0,0,0,0,60.26
"Puntledge","ECVI",2019,297,"2,3,4,5",7.41,0,0,0,0,0,0,0,0,2.36,0,0,8.08,0,0,0,0,0,0,0,0,0,0,0,0,0,0,0,0,82.15
"Phillips","ISC",2012,56,"2,3",16.07,5.36,3.57,0,1.79,0,0,0,0,7.14,0,0,14.29,0,0,0,0,0,0,0,0,0,0,0,0,0,0,0,0,51.79
"Phillips","ISC",2013,646,"2,3,4",6.35,6.5,2.79,0,1.24,0,0,0,0,3.56,0,0,3.1,0,0,0,0,0,0,0,0,0,0,0,0,0,0,0,0,76.47
"Phillips","ISC",2014,1337,"2,3,4,5",9.35,4.71,1.35,0.82,1.35,0.3,0,0,0.15,6.36,0,0,4.11,0,0,0,0,0,0,0,0,0,0,0,0,0,0,0,0,71.5
"Phillips","ISC",2015,1692,"2,3,4,5",12.06,0.95,2.66,0,0.59,0,0,0,0,7.33,0,0,5.44,0,0,0,0,0,0,0,0,0,0,0,0,0,0,0,0,70.98
"Phillips","ISC",2016,1858,"2,3,4,5",15.5,4.74,1.24,0.91,1.51,0,0,0,0,6.51,0,0,6.24,0,0,0,0,0,0,0,0.11,0,0,0,0,0,0,0,0,63.24
"Phillips","ISC",2017,1798,"2,3,4,5",9.23,0.33,1.17,1.17,2.89,0,0,0,0.17,6.28,0,0,8.29,0,0,0,0,0,0,0,0.44,0,0,0,0,0,0,0,0,70.02
"Phillips","ISC",2018,846,"2,3,4,5",6.15,1.77,1.77,0.35,2.48,0,0,0,0.71,9.34,0,0,17.97,0,0,0,0,0,0,0,0,0,0,0,0,0,0,0,0,59.46
"Phillips","ISC",2019,1432,"2,3,4,5",3.28,6.08,0.28,0,0.21,0,0,0,0,5.38,0,0,1.54,0,0,0,0,0,0,0,0,0,0,0,0,0,0,0,0,83.24
"Nicola","Fraser",1989,1348,"3,4",0,0,0,0.37,1.11,1.04,0,0,0.15,0,0,12.31,12.69,0.89,0,0,0,0,1.04,1.85,0,0,0,0,2.37,0,0,0,0.3,65.88
"Nicola","Fraser",1990,298,"3,4,5",0,0,0,0,0,4.36,0,0,0,0,0,0,2.01,2.01,0,0,0,0,0,4.7,0,0,0,13.42,13.09,0,0,0,1.68,58.72
"Nicola","Fraser",1991,1411,"3,4,5,6",0.21,0.5,0,0,0.21,4.39,0,0.21,0,0,0.28,0.57,5.1,0.85,0,0,0.21,0,0.14,1.49,0,0,0,12.62,7.02,0,0,0,0.85,65.34
"Nicola","Fraser",1992,567,"3,4,5,6",0,0,0,5.47,0,5.47,0,2.65,0,0,0,0.88,8.11,5.11,0,0.53,0,0,0,6.88,0,0,0,6.17,7.23,0,0,0,0.35,51.15
"Nicola","Fraser",1993,1271,"3,4,5,6",0,0,0,3.15,0,5.51,1.18,0,0.16,0,0,1.18,6.77,1.89,0,0,0,0,0,3.15,0,0,0,9.21,5.11,0,0,0,0,62.71
"Nicola","Fraser",1994,2114,"3,4,5,6",0,0,0,0.28,0,3.93,0.38,0,0.19,0,0,0,3.45,0.33,0,0,0,0,0,0,0,0,0,1.28,7.81,0,0,0,0.24,82.12
"Nicola","Fraser",1995,1877,"3,4,5,6",0,0,0,0.27,0.64,1.7,0.53,0,0,0,0,1.28,3.09,0.11,0,0,0,0,0,0.37,0,0,0,3.36,3.62,0,0,0,0,85.03
"Nicola","Fraser",1996,69,"3,4,5,6",0,0,0,0,0,0,0,0,0,0,0,0,0,0,0,0,0,0,0,0,0,0,0,18.84,0,0,0,0,0,81.16
"Nicola","Fraser",1997,224,"3,4,5,6",0,0,0,0,0,0,0,0,0.89,0,0,3.13,4.91,0,0,0,0,0,0,11.16,0,0,0,1.79,6.25,0,0,0,0,71.88
"Nicola","Fraser",1998,418,"3,4,5,6",0,0,0,0,4.78,0,0,0,0,0,0,0.96,2.87,0,0,0,0,0,0,0,0,0,0,10.05,16.99,0,0,0,0,64.35
"Nicola","Fraser",1999,2424,"3,4,5,6",0,0,0,0,0,0,0,0,0,0,0,0,0.74,0.78,0,0,0,0,0.04,0,0,0,0,6.89,2.19,0,0,0,0,89.36
"Nicola","Fraser",2000,1771,"3,4,5,6",0,0,0,0,2.15,0,0,0,0,0,0,0,4.4,0,0,0,0,0,0,0,0,0,0,7.96,5.31,0,0,0,0,80.18
"Nicola","Fraser",2001,2263,"3,4,5,6",0,0,0,0,0,0.13,0,0,0,0,0,0,4.15,0.75,0,0,0,0,0,0,0,0,0,6.72,4.37,0,0,0,0,83.87
"Nicola","Fraser",2002,2319,"3,4,5,6",0,0,0,1.47,0.34,0.6,0,0,0.22,0,0,0,1.12,0.69,0.22,0.13,0,0,0,0,0,0,0,3.97,2.46,0,0,0,0,88.79
"Nicola","Fraser",2003,1810,"3,4,5,6",0.17,0,0,2.82,0,0.88,0.61,0,0,0,0,0,2.71,0.55,0,0,0,0,0,0,0,0,0,0.55,6.74,0,0,0,0,84.97
"Nicola","Fraser",2004,441,"3,4,5,6",0,0,0,2.27,0,2.04,0,0,0,0,0,0,3.85,0.91,0,0,0,0,0,0,0,0,0,23.58,0,0,0,0,0,67.35
"Nicola","Fraser",2005,413,"3,4,5,6",0,0,0,1.45,0,3.87,0,0,0,0,0,0,6.78,0.48,0,0,0,0,0,0,0,0,0,14.53,14.77,0,0,0,0,58.11
"Nicola","Fraser",2006,432,"3,4,5,6",0,0,0,1.62,0,1.62,0,0,0,0,0,0,2.78,0.46,0,0,0.69,0,0,0,0,0,0,13.89,9.49,0,0,0,0,69.44
"Nicola","Fraser",2007,157,"3,4,5,6",0,0,0,0,0,6.37,0,0,0,0,0,0,0,1.27,0,0,0,0,0,0,0,0,0,31.21,21.66,0,0,0,0,39.49
"Nicola","Fraser",2008,624,"3,4,5,6",0,0,0,1.44,0.64,0,0,0,0,0,0,0,4.01,2.24,0.32,0,0,0,0,0,0,0,0,11.38,3.53,0,0.48,0,0,75.96
"Nicola","Fraser",2009,293,"3,4,5,6",0,0,0,0.34,0,0,0,0,0,0,0,0,8.19,3.41,0,0,0,0,0,3.75,0,0,0,18.77,20.14,0,0,0,0,45.39
"Nicola","Fraser",2010,2328,"3,4,5,6",0.43,0,0,1.55,0.17,0,0.09,0,0,0,0,0,1.76,0.77,0,0,0,0,0,0.47,0,0,0,4.6,0,0,0,0,0,90.16
"Nicola","Fraser",2011,683,"3,4,5,6",0,0,0,0.88,0,0,0.44,0,0,0,0,0.44,4.39,2.05,0.29,0,0,0,0,1.46,0,0,0,3.81,2.49,0,0,0,0,83.75
"Nicola","Fraser",2012,724,"3,4,5,6",0,0,0,0.55,0.83,0,0,0,0,0,0,0.55,4.28,8.15,0,0.55,0,0,0,0,0,0,0,17.13,0.83,0,0,0,0,67.13
"Nicola","Fraser",2013,1466,"3,4,5,6",0,0,0,1.23,0,0.2,0,0,0,0.2,0,0.55,4.64,3.34,0.27,0,0,0,0,0.95,0,0,0,1.57,0,0,0,0,0,87.04
"Nicola","Fraser",2014,436,"3,4,5,6",0,0,0,0,0,2.06,0,0,0,0,0,1.61,0.92,1.61,0,0,0,0,0,0,0,0,0,9.17,0.92,0,0,0,0,83.72
"Nicola","Fraser",2015,1549,"3,4,5,6",0,0,0,0.26,0.19,0.26,0,0,0,0,0,0.9,3.42,0.9,0.19,0,0,0,0.19,0.58,0,0,0,10.01,0,0,0,0,0,83.09
"Nicola","Fraser",2016,974,"3,4,5,6",0.21,0,0,1.75,0,0.92,0,0,0,0,0,0.72,10.27,1.03,0,0,0,0,0,0,0,0,0,10.06,0,0,0,0,0,75.05
"Nicola","Fraser",2017,1086,"3,4,5,6",0,0,0,1.01,0,1.2,0,0,0,0,0,0.18,3.41,1.84,0,0,0,0,0,0,0,0,0,7.64,0,0,0,0,0,84.71
"Nicola","Fraser",2018,927,"3,4,5,6",0,0,0,0,0.32,1.08,0,0,0,0,0,1.19,4.85,1.51,0,0,0,0,0.32,0.65,0,0,0,16.94,0,0,0,0,0,73.14
"Nicola","Fraser",2019,1263,"3,4,5,6",0,0,0,0,0,0,0,0,0,0,0,0.55,0.95,0.79,0.95,0,0,0,0,0.08,0,0,0,1.98,0,0,0,0,0,94.7
"Nanaimo","ECVI",1982,1551,"2,3",0.52,0.13,0,1.93,0,1.55,0,4.51,4.58,0,17.15,27.66,34.3,0,0,0,0,0,0.32,0.39,0,0,0,0,0,0,0.52,0,0.06,6.38
"Nanaimo","ECVI",1983,1874,"3,4",1.55,0.21,0,2.08,0,3.26,0,15.26,1.71,0.16,18.2,6.14,28.01,0,0,0,0,0,0.16,0.8,0,0,0,0.48,0,0,0.43,0,0,21.56
"Nanaimo","ECVI",1984,540,"2,4,5",4.26,0,0,1.85,0,1.67,0,12.59,2.96,0,1.11,16.3,46.67,0,0,0,0,0,0,1.11,0,0,0,0,0,0,0.37,0,0,11.11
"Nanaimo","ECVI",1985,57,"3,5",15.79,7.02,0,0,0,0,0,0,0,0,15.79,10.53,35.09,0,0,0,0,0,0,0,0,0,0,3.51,0,0,0,0,0,12.28
"Nanaimo","ECVI",1990,409,"2,3",0,0,0,0.49,0,2.44,0,0.73,9.05,0,4.16,20.54,56.48,0.24,0,0,0,0,1.47,1.22,0,0,0,1.71,0,0,0,0,0.24,1.22
"Nanaimo","ECVI",1991,1193,"2,3,4",0.17,0.42,0,0.75,0.08,1.76,0.34,1.09,2.1,0.08,6.87,6.12,57.59,0.67,0,0,0,0,1.76,0.92,0,0,0,0,0,0,0.17,0,0.25,18.86
"Nanaimo","ECVI",1992,2328,"2,3,4,5",0.09,0,0,0.82,0,5.11,0,1.25,2.19,0.21,8.16,3.35,48.71,0.39,0.09,0,0,0,0.39,0.77,0,0,0,0,0,0,0.13,0,0.3,28.05
"Nanaimo","ECVI",1993,1647,"2,3,4,5",0.06,0.36,0,1.7,0.24,2.73,0,1.34,1.03,0,6.07,3.4,57.8,0.55,0,0,0,0,0,1.03,0,0,0,0,0,0,0.18,0,0.36,23.13
"Nanaimo","ECVI",1994,507,"2,3,4,5",0.59,0,0,0.79,0,3.75,0,0,1.18,0.99,0.79,5.52,40.83,0,0,0,0,0,0,1.58,0,0,0,0.79,0,0,0,0,0.39,42.8
"Nanaimo","ECVI",1995,1626,"2,3,4,5",0,0,0,0,0,1.48,0.25,0,1.35,0.18,0,1.72,38.19,0,0,0,0,0,0,1.85,0,0,0,0.31,0.18,0,0,0,0.18,54.31
"Nanaimo","ECVI",1996,945,"2,3,4,5",0,1.27,0,0,0,0.32,0.42,0,2.12,0,0,0.21,68.25,0.21,0,0,0,0,0,3.17,0,0,0,3.7,0,0,0.42,0,2.22,17.67
"Nanaimo","ECVI",1997,286,"2,3,4,5",6.29,0,0,4.2,0,0.7,0.35,2.8,1.4,0,0,1.4,40.91,0,0,0,0,1.05,2.45,4.2,0,0,0,0,0,0,1.05,0,0.7,32.52
"Nanaimo","ECVI",1998,265,"2,3,4,5",1.13,4.53,0,6.04,0,0.38,0,0,0.38,1.89,0,1.51,43.77,0,0,0,0,0,0,0,0,0,0,0,0,0,0.75,0,2.64,36.98
"Nanaimo","ECVI",1999,303,"2,3,4,5",0,0,0,0,0,0,0.99,0,0,0,0,0,39.27,0,0,0,0,0,0,2.97,0,0,0,0.99,0.66,0,2.64,0,2.31,50.17
"Nanaimo","ECVI",2000,173,"3,4,5",1.16,0,0,0,0,2.89,2.89,0,0,0,0,0,52.02,0,0,0,0,0,0,0,0,0,0,5.2,0,0,0,0,2.31,33.53
"Nanaimo","ECVI",2001,533,"2,4,5",0,0,0,0,0,0.94,0,0,0,0,0,0,39.96,0,0,0,0,0,0,9.57,0.19,0,0,2.44,0,0,2.81,0,0.38,43.71
"Nanaimo","ECVI",2002,924,"2,3,5",0.32,0.11,0,0,0.22,0.97,0.11,0,0,0.43,0,2.6,43.18,0,0,0,0,0,0,4,0.54,0,0,4.22,0,0,2.06,0,0.54,40.69
"Nanaimo","ECVI",2003,864,"2,3,4",0.12,0.69,0.12,0.12,0,3.7,0,0,0,2.43,0,0,25.46,0,0,0,0,0,0.23,3.24,0,0,0,1.27,0,0,1.97,0,2.08,58.56
"Nanaimo","ECVI",2004,803,"2,3,4,5",1.12,0,0,0.75,2.37,5.48,1.12,0,0,2.74,0,0,17.19,0.75,0,0,0,0,1,3.11,0,0,0,1.37,0,0,0.5,0,4.61,57.91
"Nanaimo","ECVI",2005,419,"3,4,5",0.72,0,0.72,1.91,0,7.64,0,0,0,7.88,0,0,15.99,0,0,0,0,0,0.72,1.19,0,0,0,24.11,0,0,2.39,0,0.72,36.04
"Nanaimo","ECVI",2006,1545,"2,4,5",0.32,0,0,0.06,0,0.45,0.06,0,0,0.13,0,0,15.21,0,0,0.06,0,0,0.06,1.68,0,0,0,4.79,0,0,0.06,0,1.55,75.53
"Nanaimo","ECVI",2007,1092,"3,5",1.28,0,0,0.09,0,4.4,0.46,0,0,0.92,0,0,35.26,0.18,0,0.46,0,0,0,0.82,0,0,0,5.13,0,0,1.1,0,1.1,48.81
"Middle Shuswap","Fraser",2011,58,"2,3",6.9,0,1.72,6.9,3.45,0,0,0,0,0,0,1.72,5.17,0,0,0,0,0,0,0,0,0,0,25.86,1.72,0,0,0,0,46.55
"Middle Shuswap","Fraser",2012,283,"2,3,4",8.48,0,1.77,10.6,9.19,2.12,0.35,0,0,0.35,0,0.71,14.13,2.12,0.35,0,0,0,0,0,0,0,0,8.13,2.83,0,0,0,1.41,37.46
"Middle Shuswap","Fraser",2013,1700,"2,3,4,5",2.35,0,0.53,7.35,4.12,0.29,0.65,0,0,0.12,0,1.06,14.71,0.12,0.18,0,0,0,0,0,0,0,0,3.12,3.65,0,0,0,1.29,60.47
"Middle Shuswap","Fraser",2014,1225,"2,3,4,5",9.39,0,0.82,6.86,5.47,3.02,2.2,0,0,0.41,0,1.47,7.67,0.82,0.16,0,0,0,0,0,0,0,0,3.76,4.82,0,0,0,0.49,52.65
"Middle Shuswap","Fraser",2015,2080,"2,3,4,5",4.23,0,0.48,2.12,1.73,1.63,1.11,0,0,0.34,0,0.72,14.23,1.68,0.1,0,0,0,0.19,1.11,0,0,0,1.68,3.32,0,0,0,4.76,60.58
"Middle Shuswap","Fraser",2016,406,"2,3,4,5",3.94,0,0.25,6.16,5.67,0.74,0,0,0,2.46,0,0.49,13.79,0.74,0,0,0,0,0,0,0,0,0,8.87,0.99,0,0,0,4.93,50.99
"Middle Shuswap","Fraser",2017,475,"2,3,4,5",7.58,0,2.11,6.95,1.05,1.47,0,0,0,0.84,0,0,15.37,0.42,0,0,0,0,0.42,0,0,0,0,4.63,3.79,0,0,0,0.84,54.53
"Middle Shuswap","Fraser",2018,1325,"2,3,4,5",0.91,0,0.3,1.66,1.28,1.51,1.58,0,0,0,0,1.21,15.7,0.3,0,0,0,0,0.08,0,0,0,0,6.72,1.81,0,0,0,0.83,66.11
"Middle Shuswap","Fraser",2019,1040,"2,3,4,5",0.48,0,0,0,0.96,0,0.77,0,0,0.77,0,0.48,2.02,0,0,0,0,0,0.38,0,0,0,0,0.77,3.85,0,0,0,5.1,84.42
"Kitsumkalum.Yearling","North Coast",2003,87,"3,4",34.48,1.15,13.79,12.64,3.45,0,0,0,0,0,0,0,0,0,0,0,0,0,0,0,0,0,0,0,0,0,0,0,0,34.48
"Kitsumkalum.Yearling","North Coast",2004,870,"3,4,5",19.08,0.34,3.68,3.1,7.24,0,0,0,2.64,1.49,0,0,0,0,0,0,0,0,0,0,0,0,0,0,3.91,0,0,0,0,58.51
"Kitsumkalum.Yearling","North Coast",2005,608,"3,4,5,6",28.78,0,9.7,4.77,2.96,0,0,0,0,6.58,0,0,0,0,0,0,0,0,0,0,0,0,0,0,7.4,0,0,0,0,39.8
"Kitsumkalum.Yearling","North Coast",2006,517,"3,4,5,6",18.18,2.32,3.48,3.29,8.32,0,0,0,5.03,1.16,0,0,0,0,0,0,0,0,0,0,0,0,0,0,2.9,0,0,0,0,55.32
"Kitsumkalum.Yearling","North Coast",2007,831,"3,4,5,6",19.86,7.22,3.25,1.56,6.5,0.24,0,0,7.58,1.81,0,0,0,0,0,0,0,0,0,0,0,0,0,0,0.6,0,0,0,0,51.38
"Kitsumkalum.Yearling","North Coast",2008,799,"4,5,6",12.14,0,7.01,0.75,9.26,0,0,0,24.28,14.64,0,0,0,0,0,0,0,0,0,0,0,0,0,0,6.13,0,0,0,0,25.78
"Kitsumkalum.Yearling","North Coast",2009,648,"3,5,6",14.51,0,7.72,1.23,4.94,0,0,0,0.31,4.94,0,0,0.31,0,0,0,0,0,0,0,0,0,0,0,3.7,0,0,0,0,62.35
"Kitsumkalum.Yearling","North Coast",2010,393,"3,4,6",12.98,0.25,2.8,2.54,3.31,0,0,0,2.54,10.69,0,0,0,0,0,0,0,0,0,0,0,0,0,0,6.36,0,0,0,0,58.52
"Kitsumkalum.Yearling","North Coast",2011,261,"3,4,5",21.84,1.15,1.92,3.45,4.6,0,0,0,4.21,11.11,0,0,0,0,0,0,0,0,0,0,0,0,0,0,3.83,0,0,0,0,47.89
"Kitsumkalum.Yearling","North Coast",2012,340,"3,4,5,6",28.24,0,2.06,0.88,2.65,0,0,0,2.06,16.47,0,0,0,0,0,0,0,0,0,0,0,0,0,0,6.47,0,0,0,0,41.18
"Kitsumkalum.Yearling","North Coast",2013,450,"3,4,5,6",9.11,0.22,0.67,0.67,2.89,0,0,0,0.89,4.44,0,0,0,0,0,0,0,0,0,0,0,0,0,0,5.33,0,0,0,0,75.78
"Kitsumkalum.Yearling","North Coast",2014,586,"3,4,5,6",18.09,3.07,1.02,2.9,3.07,0,0,0,0,2.39,0,0,0,0,0,0,0,0,0,0,0,0,0,0,4.27,0,0,0,0,65.19
"Kitsumkalum.Yearling","North Coast",2015,1273,"3,4,5,6",9.9,1.02,3.93,1.26,5.89,0,0,0,0,3.38,0,0,0,0,0,0,0,0,0,0,0,0,0,0,6.91,0,0,0,0,67.71
"Kitsumkalum.Yearling","North Coast",2016,592,"3,4,5,6",5.24,6.76,4.22,3.38,5.91,0,0,0,0,6.76,0,0,0,0,0,0,0,0,0,0,0,0,0,0,10.81,0,0,0,0,56.93
"Kitsumkalum.Yearling","North Coast",2017,662,"3,4,5,6",4.68,4.83,4.08,3.32,2.87,0,0,0,0.45,6.5,0,0,0,0,0,0,0,0,0,0,0,0,0,0,7.55,0,0,0,0,65.71
"Kitsumkalum.Yearling","North Coast",2018,1312,"3,4,5,6",2.82,0.23,1.07,0.46,3.73,0,0,0,0,4.8,0,0,0.76,0,0,0,0,0,0,0,0,0,0,0,0,0,0,0,0,86.13
"Kitsumkalum.Yearling","North Coast",2019,477,"4,5,6",4.19,7.97,0.84,0,4.4,0,0,0,0,11.74,0,0,0,0,0,0,0,0,0,0,0,0,0,0,0,0,0,0,0,70.86
"Kitsumkalum","North Coast",1983,29,"3,4",31.03,10.34,0,10.34,0,0,0,0,48.28,0,0,0,0,0,0,0,0,0,0,0,0,0,0,0,0,0,0,0,0,0
"Kitsumkalum","North Coast",1984,82,"3,4,5",57.32,0,0,18.29,0,0,0,0,24.39,0,0,0,0,0,0,0,0,0,0,0,0,0,0,0,0,0,0,0,0,0
"Kitsumkalum","North Coast",1985,228,"4,5,6",25,0,1.32,7.02,0,0,0,0,10.96,0,0,0,0,0,0,0,0,0,0,0,0,0,0,0,0,0,0,0,0,55.7
"Kitsumkalum","North Coast",1986,173,"3,5,6",12.72,0,0,17.34,0,0,0,0,10.98,0,0,0,0,0,0,0,0,0,0,0,0,0,0,0,2.89,0,0,0,0,56.07
"Kitsumkalum","North Coast",1987,201,"3,4,6",17.41,0,3.48,12.94,0.5,0,0,0,8.96,2.49,0,0,0,0,0,0,0,0,0,0,0,0,0,0,2.49,0,0,0,0,51.74
"Kitsumkalum","North Coast",1988,177,"3,4,5",27.68,1.69,5.08,8.47,0.56,0,0,0,20.9,3.39,0,0,0,0,0,0,0,0,0,0,0,0,0,0,3.39,0,0,0,0,28.81
"Kitsumkalum","North Coast",1989,966,"3,4,5,6",12.53,0.62,6,4.55,1.55,0,0,0,9.32,1.55,0,0,0,0,0,0,0,0,0,0,0,0,0,0,3,0,0,0,0,60.87
"Kitsumkalum","North Coast",1990,520,"3,4,5,6",14.23,0,3.85,9.62,0.96,0,0,0.38,8.27,1.35,0,0,0,0,0,0,0,0,0,0,0,0,0,0,7.88,0,0,0,0,53.46
"Kitsumkalum","North Coast",1991,329,"3,4,5,6",20.06,0,4.26,10.94,3.95,0,0,0.91,14.89,3.04,0,0,0,0,0,0,0,0,0,0,0,0,0,0,6.38,0,0,0,0,35.56
"Kitsumkalum","North Coast",1992,639,"3,4,5,6",16.43,0,2.03,8.45,3.91,0.47,0,0,9.86,2.03,0,0,0,0,0,0,0,0,0,0,0,0,0,0,1.41,0,0,0,0,55.4
"Kitsumkalum","North Coast",1993,237,"3,4,5,6",11.81,2.11,2.11,11.39,2.95,0,0,0,18.14,1.27,0,0,0,0,0,0,0,0,0,0,0,0,0,0,0,0,0,0,0,50.21
"Kitsumkalum","North Coast",1994,131,"3,4,5,6",13.74,0,0,6.11,3.82,0,0,0,18.32,2.29,0,0,0,0,0,0,0,0,0,0,0,0,0,0,0,0,0,0,0,55.73
"Kitsumkalum","North Coast",1995,197,"3,4,5,6",13.71,0,3.55,10.66,2.54,0,0,0,27.41,0.51,0,0,0,0,0,0,0,0,0,0,0,0,0,0,4.57,0,0,0,0,37.06
"Kitsumkalum","North Coast",1996,404,"3,4,5,6",13.86,0.25,8.66,0.25,0.5,0,0,0,23.27,1.73,0,0,0,0,0,0,0,0,0,0,0,0,0,0,3.96,0,0,0,0,47.52
"Kitsumkalum","North Coast",1997,616,"3,4,5,6",12.66,0,9.42,0,3.73,0,0,0,8.12,2.11,0,0,0,0,0,0,0,0,0,0,0,0,0,0,5.36,0,0,0,0,58.6
"Kitsumkalum","North Coast",1998,359,"3,4,5,6",15.32,0,4.74,0,0.56,0,0,0,1.67,2.23,0,0,0,0,0,0,0,0,0,0,0,0,0,0,5.01,0,0,0,0,70.47
"Kitsumkalum","North Coast",1999,669,"3,4,5,6",13.9,0,10.76,0,12.26,0,0,0,2.24,0.6,0,0,0,0,0,0,0,0,0,0,0,0,0,0,1.49,0,0,0,0,58.74
"Kitsumkalum","North Coast",2000,309,"3,4,5,6",10.36,0,11.33,0,9.06,0,0,0,8.09,0,0,0,0,0,0,0,0,0,0,0,0,0,0,0,3.88,0,0,0,0,57.28
"Kitsumkalum","North Coast",2001,426,"3,4,5,6",15.96,0,14.79,0.94,0,0,0,0,13.38,6.57,0,0,0,0,0,0,0,0,0,0,0,0,0,0,3.52,0,0,0,0.23,44.6
"Kitsumkalum","North Coast",2002,654,"3,4,5,6",23.09,0.61,8.41,2.45,9.48,0,0,0,5.05,9.02,0,0,0,0,0,0,0,0,0,0,0,0,0,0,3.21,0,0,0,0,38.69
"Kitsumkalum","North Coast",2003,567,"3,4,5,6",17.46,0,1.41,7.05,3,0,0,0,0.53,3.7,0,0,0,0,0,0,0,0,0,0,0,0,0,0,3.7,0,0,0,0,63.14
"Kitsumkalum","North Coast",2004,766,"3,4,5,6",9.92,4.05,5.74,1.04,13.05,0,0,0,1.57,0,0,0,0,0,0,0,0,0,0,0,0,0,0,0,1.31,0,0,0,0,63.32
"Kitsumkalum","North Coast",2005,244,"3,4,5,6",23.36,0,3.69,4.1,11.07,0,0,0,0,0,0,0,0,0,0,0,0,0,0,0,0,0,0,0,8.61,0,0,0,0,49.18
"Kitsumkalum","North Coast",2006,258,"3,4,5,6",17.05,4.65,5.04,3.49,7.75,0,0,0,7.36,0,0,0,0,0,0,0,0,0,0,0,0,0,0,0,6.2,0,0,0,0,48.45
"Kitsumkalum","North Coast",2007,452,"3,4,5,6",16.37,1.11,6.64,1.99,7.96,0,0,0,2.43,3.32,0,0,0,0,0,0,0,0,0,0,0,0,0,0,1.11,0,0,0,0,59.07
"Kitsumkalum","North Coast",2008,439,"3,4,5,6",8.66,0.23,5.01,3.19,8.2,0,0,0,14.35,11.62,0,0,0,0,0,0,0,0,0,0,0,0,0,0,13.67,0,0,0,0,35.08
"Kitsumkalum","North Coast",2009,571,"3,4,5,6",15.76,3.15,6.48,1.58,5.08,0.53,0,0,0.88,4.38,0,0,0.35,0,0,0,0,0,0,0,0,0,0,0,0.88,0,0,0,0,60.95
"Kitsumkalum","North Coast",2010,769,"3,4,5,6",7.02,0.65,5.33,3.12,7.28,0,0,0,1.17,11.31,0,0,0,0,0,0,0,0,0,0,0,0,0,0,5.98,0,0,0,0,58.13
"Kitsumkalum","North Coast",2011,413,"3,4,5,6",15.74,0,1.45,2.42,5.08,0,0,0,8.72,13.8,0,0,0,0.48,0,0,0,0,0,0,0,0,0,0,2.42,0,0,0,0,49.88
"Kitsumkalum","North Coast",2012,224,"3,4,5,6",19.2,1.34,2.68,1.34,5.8,0,0,0,1.79,8.93,0,0,1.34,0,0,0,0,0,0,0,0,0,0,0,0,0,0,0,0,57.59
"Kitsumkalum","North Coast",2013,236,"3,4,5,6",10.59,0,3.39,6.36,1.69,0,0,0,0.42,7.63,0,0,0,0,0,0,0,0,0,0,0,0,0,0,2.12,0,0,0,0,67.8
"Kitsumkalum","North Coast",2014,248,"3,4,5,6",11.69,0.4,2.02,1.61,5.24,0,0,0,0,6.05,0,0,0,0,0,0,0,0,0,0,0,0,0,0,9.68,0,0,0,0,63.31
"Kitsumkalum","North Coast",2015,461,"3,4,5,6",11.28,7.59,3.25,2.82,4.99,0,0,0,0,4.34,0,0,0,0,0,0,0,0,0,0,0,0,0,0,5.86,0,0,0,0,59.87
"Kitsumkalum","North Coast",2016,605,"3,4,5,6",8.93,5.62,2.15,1.32,4.96,0,0,0,0,13.55,0,0,0,0,0,0,0,0,0,0,0,0,0,0,4.79,0,0,0,0,58.68
"Kitsumkalum","North Coast",2017,262,"3,4,5,6",10.69,0,2.29,6.87,1.91,0,0,0,0,24.81,0,0,0,0,0,0,0,0,0,0,0,0,0,0,3.82,0,0,0,0,49.62
"Kitsumkalum","North Coast",2018,228,"3,4,5,6",6.14,0,0,3.07,3.51,0,0,0,0,0,0,0,0,0,0,0,0,0,0,0,0,0,0,0,0,0,0,0,0,87.28
"Kitsumkalum","North Coast",2019,490,"4,5,6",6.12,4.08,2.65,0.61,3.47,0,0,0,0,9.8,0,0,0,0.2,0,0,0,0,0,0,0,0,0,0,0,0,0,0,0,73.06
"Harrison","Fraser",1984,2464,"2,3",0.12,0,0,0.97,0,28.86,0,3.86,0.32,0,14.81,5.72,26.54,1.7,0.12,0.32,0,0,1.75,4.3,0,0,0,0,0.41,0,0.32,0,0,9.86
"Harrison","Fraser",1985,1759,"2,3,4",0.17,0,0,1.08,0,22.85,0.4,1.71,1.25,0,7.67,3.3,24.45,0.91,0.17,0.17,0,0,3.01,3.18,0,0,0,0,0.34,0,0.4,0,0,28.94
"Harrison","Fraser",1986,992,"2,3,4,5",1.51,0,0,0.4,0,17.14,0.4,2.62,1.51,0.3,18.25,8.97,22.68,0,0,0,0,0,0.5,4.03,0,0,0,0,0,0,0.5,0,0,21.17
"Harrison","Fraser",1987,611,"2,3,4,5",0.82,0,0,0,0,9,0,0.49,1.47,0,8.51,4.42,25.04,3.27,0.33,0,0,0,5.4,2.13,0,0,0,0,0.82,0,1.15,0,0,37.15
"Harrison","Fraser",1988,1662,"2,3,4,5",0.42,0,0.6,0,0,3.49,2.05,1.02,1.56,0,9.87,5.66,31.77,3.37,0,0.72,0,0,6.74,5.42,0,0,0,0,0.3,0,0,0,0,27.02
"Harrison","Fraser",1989,2465,"2,3,4,5",0.2,0,0,0.28,0,24.14,0.93,0.65,0.32,0,5.35,5.6,23,5.52,0.16,0.85,0,0,4.06,4.62,0,0,0,0,0,0,0.32,0,0,23.98
"Harrison","Fraser",1990,3041,"2,3,4,5",0.49,0,0,0.79,0,19.37,1.35,0.66,0.49,0,4.54,1.05,11.44,6.02,0.13,0,0,0,2.53,5.98,0,0,0,1.25,0.33,0,0.13,0,0,43.44
"Harrison","Fraser",1991,1736,"2,3,4,5",0,0.12,0,0,0,28.05,0,0.29,1.15,0,8.29,2.82,12.85,10.71,0,0.92,0,0,1.96,4.49,0,0,0,1.21,0.35,0,0,0,0,26.79
"Harrison","Fraser",1992,1762,"2,3,4,5",0,0,0,0.4,0,17.82,0,0.11,0.17,0,12.66,1.14,11.75,12.49,0,0.23,0,0,0.96,6.92,0,0,0,0.62,0.23,0,0,0,0,34.51
"Harrison","Fraser",1993,1139,"2,3,4,5",0.97,0,0,0.26,0,19.05,0,0.44,0.26,0,6.5,0.79,7.29,9.04,0,0.97,0,0,0,2.11,0,0,0,2.02,0,0,0.61,0,0,49.69
"Harrison","Fraser",1994,422,"2,3,4,5",0,0,0,0,0,20.62,2.37,0,0.47,0,10.19,3.32,7.35,2.37,0,0.95,0,0,2.84,2.37,0,0,0,1.9,0.95,0,0,0,0,44.31
"Harrison","Fraser",1995,435,"2,3,4,5",0,0,0,0,0,17.93,0,0,1.84,0,0,0.69,17.93,6.44,0.46,1.38,0,0,2.99,3.68,0,0,0,2.07,0.69,0,0,0,4.6,39.31
"Harrison","Fraser",1996,1210,"2,3,4,5",0,0.17,0,0,0,1.57,0.17,0,0.41,0,0,0.08,23.31,3.39,0,0.74,0,0,0,7.77,0,0,0,0.33,0.33,0,0,0,0.08,61.65
"Harrison","Fraser",1997,852,"2,3,4,5",1.53,0,0,0,0,13.15,3.4,0,0.7,0,0.12,0.7,19.13,6.92,0,3.05,0,0,2.7,6.46,0,0,0,2.23,0,0,0.35,0,0,39.55
"Harrison","Fraser",1998,1178,"2,3,4,5",0.85,0,0,0,0,0.59,0,0,0,0,0,0,3.57,3.99,0,1.1,0,0,0.17,0.34,0,0,0,0.25,0,0,0,0,0.85,88.29
"Harrison","Fraser",1999,1250,"2,3,4,5",0.24,0.4,0,0.48,0,0.64,1.28,0.24,0,0,0,0,10.32,13.52,0.4,0.72,0,0,0.16,0.64,0,0,0,0.64,0.24,0,0.72,0,0.88,68.48
"Harrison","Fraser",2000,585,"2,3,4,5",1.71,0,0,0.51,0,13.68,4.27,0,0,0,0,0,11.62,13.16,0,2.05,0,0,0,0.85,0,0,0,0,0,0,0.68,0,0,51.45
"Harrison","Fraser",2001,946,"2,3,4,5",0.32,0,0,0,0,6.13,2.22,0,0,0,0,0,6.66,5.5,1.59,1.37,0,0.95,0.11,2.85,0,0,0,0,0,0,0,0,0.53,71.78
"Harrison","Fraser",2002,505,"2,3,4,5",0.4,0,0,0,0,8.51,2.18,0,0,0,0,5.35,7.72,11.68,1.19,0.4,0,0,0.59,2.18,0,0,0,0.79,0,0,1.58,0,0.2,57.23
"Harrison","Fraser",2003,416,"2,3,4,5",1.68,0,0,0,0,10.82,3.85,0,0,0,0,0,6.73,9.38,1.44,0,0,0,0.24,1.68,0,0,0,1.92,0,0,0,0,0.48,61.78
"Harrison","Fraser",2004,571,"2,3,4,5",1.23,0,0,0.88,0,17.69,6.48,0,0,0,0,0,0.7,15.94,0.53,0,0,0,0.18,3.33,0,0,0,2.45,0,0,0,0,0,50.61
"Harrison","Fraser",2005,726,"2,3,4,5",0,0,0,0.28,0,14.33,4.13,0,0,0,0,0,6.89,6.2,2.62,0.28,0,0,0,0.55,0,0,0,5.1,0,0,0.41,0,1.24,57.99
"Harrison","Fraser",2006,415,"3,4,5",1.2,0,0,0.72,0,20.72,6.02,0,0,0,0,0,2.89,13.73,0.96,1.2,0,0,0,0.48,0,0,0,0,0,0,0,0,0,52.05
"Harrison","Fraser",2007,979,"2,4,5",0,0,0,0,0,9.7,1.02,0,0,0,0,0,3.27,1.12,0.1,0,0,0,0,1.12,0,0,0,0,0,0,0,0,0,83.66
"Harrison","Fraser",2008,800,"2,3,5",0.38,0.25,0,0,0,27.38,11.13,0,0,0,0,0.13,7.88,5.13,1.25,0,0,0,1.63,1.63,0,0,0,0.5,0,0,0.38,0,0,42.38
"Harrison","Fraser",2009,2203,"2,3,4",0.05,0,0,0.18,0.05,1.45,3.63,0,0,0.05,0,0,4.36,1.23,0.18,0,0,0,0.09,1.82,0,0,0,1.5,1.59,0,0,0,0.05,83.79
"Harrison","Fraser",2010,2004,"2,3,4,5",0.65,0,0,0.2,0,3.94,3.74,0,0,0.25,0,0,5.54,4.04,1.15,0,0,0,0.45,2,0,0,0,1.05,0.3,0,0.15,0,0.05,76.5
"Harrison","Fraser",2011,2728,"2,3,4,5",0.26,0,0,0.15,0.37,3.3,5.28,0,0,0.15,0,0.81,5.1,3.12,0.59,0.04,0,0,0.4,2.13,0,0,0,1.36,0,0,0.11,0,0,76.87
"Harrison","Fraser",2012,2090,"2,3,4,5",0.24,0,0,0,0,1.34,0.67,0,0,0,0,0.1,9.62,3.4,0.48,0.24,0,0,0.14,4.98,0,0,0,0.33,0.91,0,0.1,0,0.05,77.42
"Harrison","Fraser",2013,3475,"2,3,4,5",0,0.14,0.09,0,0.06,2.01,2.27,0,0,0.06,0,1.04,7.51,5.06,0.89,0.29,0,0,0.26,3.83,0,0,0,0,0.46,0,0.43,0,1.27,74.33
"Harrison","Fraser",2014,2273,"2,3,4,5",0.48,0.04,0.13,0,0,3.92,0.88,0,0,0,0.04,1.94,13.81,5.15,0.75,0.84,0,0,0.53,2.11,0,0,0,3.26,0,0,0.09,0,0,66.04
"Harrison","Fraser",2015,1836,"2,3,4,5",0.16,0.05,0,0.44,0,0.93,1.03,0,0,0,0,1.2,10.29,3.54,0,0.87,0,0.27,0.27,1.63,0,0,0,2.07,0.33,0,0,0,0,76.91
"Harrison","Fraser",2016,2681,"2,3,4,5",0.45,0.26,0,0.22,0,0.75,2.69,0,0,0,0,0.22,11.15,1.38,0.48,0.07,0,0,0.04,0.3,0,0,0,1.64,0.41,0,0,0,0.86,79.07
"Harrison","Fraser",2017,1730,"2,3,4,5",0,0,0,0.46,0,2.2,7.46,0,0,0.12,0,0.64,21.79,8.21,0.46,0.17,0,0,0,1.04,0,0,0,0.69,0,0,0.29,0,0,56.47
"Harrison","Fraser",2018,2607,"2,3,4,5",0.15,0.19,0,0.42,0,0.54,4.03,0,0,0.04,0,0.96,13.2,6.06,0.27,0.08,0,0,0.46,1.34,0,0,0,3.38,0.08,0,0.08,0,0,68.74
"Harrison","Fraser",2019,1834,"2,3,4,5",0.27,0.22,0,0,0,1.42,0.76,0,0,0.22,0,0.76,14.5,2.89,0.33,0,0,0,1.2,2.67,0,0,0,2.07,0.49,0,0,0,1.04,71.16
"Dome","Fraser",1990,41,"3,4",0,0,0,0,0,0,0,0,0,0,0,0,0,0,0,0,0,0,0,12.2,0,0,0,12.2,0,0,0,0,7.32,68.29
"Dome","Fraser",1991,154,"3,4,5",0,0,0,0,0,0.65,0,0,0,0,0.65,0,10.39,1.3,0,0,0,0,0,13.64,0,0,0,3.9,3.25,0,0,0,2.6,63.64
"Dome","Fraser",1992,160,"3,4,5,6",0,0,0,0,0,4.38,0,0,0,0,3.13,0,8.75,1.25,0,0,0.63,0,0,5.63,0,0,0,45,0,0,0,0,0,31.25
"Dome","Fraser",1993,351,"3,4,5,6",0,0,0,0,1.42,1.71,0,0,0,0,0,0,5.98,1.71,0,0,0,0,0,0,0,0,0,49.57,5.7,0,0,0,0,33.9
"Dome","Fraser",1994,297,"3,4,5,6",0.67,0,0,0,0,2.02,0,0,0,0,0,0,1.35,0,0,0,0,0,0,0,0,0,0,26.26,2.36,0,0,0,0,67.34
"Dome","Fraser",1995,525,"3,4,5,6",0,0,0,0.95,0,1.52,0,0,0,0,0,0,5.71,0.38,0,0,0,0,0,1.52,0,0,0,20.57,3.05,0,0,0,0,66.29
"Dome","Fraser",1996,360,"3,4,5,6",0,0,0,0.56,0,0.28,0,0,0,0,0,0,6.94,0,0,0,0,0,0,2.22,0,0,0,36.67,4.44,0,0,0,0,48.89
"Dome","Fraser",1997,318,"3,4,5,6",0,0,0,0,0,0.63,0.31,0,0,0,0,0,6.92,1.26,0,0,0,0,1.26,0,0,0,0,38.36,0,0,0,0,0,51.26
"Dome","Fraser",1998,230,"3,4,5,6",0,0,0,0,0,0,0,0,0,0,0,0,7.83,0,0,0,0,0,0,0,0,0,0,40.43,7.39,0,0,0,0,44.35
"Dome","Fraser",1999,50,"3,4,5,6",0,0,0,0,0,0,0,0,0,0,0,0,18,0,0,0,0,0,0,0,0,0,0,24,12,0,0,0,0,46
"Dome","Fraser",2000,96,"3,4,5,6",0,0,0,0,0,0,0,0,0,0,0,0,18.75,3.13,0,0,0,0,0,0,0,0,0,37.5,0,0,0,0,0,40.63
"Dome","Fraser",2001,307,"3,4,5,6",0,0,0,0,0,1.95,0,0,0,0,0,0,15.31,0.33,0,0,0,0,0,0,0,0,0,58.31,2.93,0,0,0,0,21.17
"Dome","Fraser",2002,134,"4,5,6",0,0,0,11.94,0,11.19,0,0,0,0,0,0,11.94,3.73,0,0,0,0,0,0,0,0,0,19.4,0,0,0,0,0,41.79
"Dome","Fraser",2003,152,"3,5,6",0,0,0,5.26,0,0,7.24,0,0,0,0,0,12.5,0,0,0,0,0,0,0,0,0,0,59.87,0,0,0,0,0,15.13
"Dome","Fraser",2004,6,"3,4,6",0,0,0,16.67,0,0,0,0,0,0,0,0,0,0,0,0,0,0,0,0,0,0,0,33.33,16.67,0,0,0,0,33.33
"Dome","Fraser",2005,224,"3,4,5",0,0,0,4.02,0,0.45,0,0,0,0,0,0,4.02,0,0,0,0,0,0,0.89,0,0,0,58.48,7.14,0,0,0,0,25
"Dome","Fraser",2006,90,"4,5,6",0,0,0,0,0,8.89,0,0,0,0,0,0,6.67,1.11,0,0,0,0,0,0,0,0,0,31.11,0,0,0,0,0,52.22
"Dome","Fraser",2007,19,"5,6",0,0,0,0,0,0,0,0,0,0,0,0,0,0,0,0,0,0,0,42.11,0,0,0,26.32,0,0,0,0,0,31.58
"Cowichan","ECVI",1989,612,"2,4",1.8,0,0,0,0,3.1,0,0.49,0.98,0,5.72,8.99,48.2,0.98,0,0,0,0,0.98,1.31,0,0,0,4.9,0,0,1.63,0,0.49,20.42
"Cowichan","ECVI",1990,2032,"2,3,5",0,0,0,0.1,0,2.21,0.05,1.13,2.76,0.05,13.24,7.33,57.38,0.64,0.2,0,0,0,1.38,1.97,0,0,0,0.69,0,0,0.34,0,0.34,10.19
"Cowichan","ECVI",1991,4231,"2,3,4",0.07,0,0,0.19,0,3.85,0.71,0.35,0.54,0.17,9.03,3.62,61.71,0.73,0,0,0,0,1.96,0.87,0,0,0,0.38,0,0,0.99,0,0.26,14.56
"Cowichan","ECVI",1992,4600,"2,3,4,5",0.04,0.13,0,0.37,0,8.63,0.83,0.98,0.89,0.07,17.83,3.11,53.17,0.24,0,0,0,0,0.61,1.28,0,0,0,0.87,0,0,0.43,0,0.37,10.15
"Cowichan","ECVI",1993,4174,"2,3,4,5",0.26,0,0,0.1,0,7.86,0.98,0.5,0.5,0,11.91,2.83,55.03,0.55,0,0,0,0,0,0.46,0,0,0,1.05,0,0,0.79,0,0.19,16.99
"Cowichan","ECVI",1994,1330,"2,3,4,5",0.53,0,0,0.38,0,3.98,0.23,0.15,2.11,0,4.96,5.49,43.31,0.3,0,0,0,0,0.75,0.68,0,0,0,4.21,0.53,0,2.41,0,0.6,29.4
"Cowichan","ECVI",1995,1687,"2,3,4,5",0.24,0,0,0,0,5.39,0.41,0,1.42,0,0,1.36,41.26,0,0,0,0,0,0.24,1.01,0,0,0,2.07,0.18,0,1.66,0,1.24,43.51
"Cowichan","ECVI",1996,1362,"2,3,4,5",0.22,0,0,0,0,0.29,0.95,0,0.44,0,0,0.37,51.32,0,0,0,0,0,0,4.92,0,0,0,4.7,0.51,0,0.81,0,1.25,34.21
"Cowichan","ECVI",1997,918,"2,3,4,5",0.98,0,0,0,0,3.27,0.87,0,0.33,0.44,0,0.98,27.56,0,0,0,0,0,1.74,3.49,0,0,0,0.33,0.44,0,0.87,0,0.76,57.95
"Cowichan","ECVI",1998,490,"2,3,4,5",3.88,0,0,0,0,0.41,1.63,0,0,0.82,0,0.41,34.29,0,0,0,0,0,0,0,0,0,0,8.57,0,0,2.86,0,3.67,43.47
"Cowichan","ECVI",1999,580,"2,3,4,5",0,0,0,0,0,0,0.52,0,0,0.52,0,0,53.28,0.86,0.52,0,0,0,0.34,0,0,0,0,1.21,1.55,0,6.21,0,3.45,31.55
"Cowichan","ECVI",2000,798,"2,3,4,5",1.5,0.38,0,0,0,1.25,4.76,0,0,0,0,0,24.81,0,0,0,0,0,0,2.26,0,0,0,0.5,0.5,0,4.14,0,1.25,58.65
"Cowichan","ECVI",2001,781,"2,3,4,5",0.26,0,0,0,0,9.6,0,0,0,0,0,0,33.29,0.13,0,0,0,0,0.13,2.82,0,0,0,6.53,0,0,10.63,0,4.23,32.39
"Cowichan","ECVI",2002,715,"2,3,4,5",1.54,0,0,0,0,3.5,1.54,0,0,0.98,0,0,38.18,0.28,0,0.28,0,0,0.42,6.29,0,0,0,7.97,2.38,0,3.22,0,2.66,30.77
"Cowichan","ECVI",2003,395,"2,3,4,5",2.03,0.25,0,2.53,0,9.11,3.04,0.25,0,0,0,0,39.24,0.51,0,0,0,0,0,3.8,0,0,0,4.56,1.52,0,7.34,0,2.28,23.54
"Cowichan","ECVI",2004,394,"2,3,4,5",0,0.25,0,0.76,0,15.23,7.36,0,0,2.03,0,0,31.98,2.54,0,0,0,0,0,2.28,0,0,0,1.52,0,0,8.38,0,6.6,21.07
"Cowichan","ECVI",2005,364,"2,3,4,5",0,0.27,0,1.37,4.95,23.35,1.92,0,1.37,0,0,0,7.69,0.27,0.82,0,0,0,3.02,1.65,0,0,0,7.69,0,0,10.99,0,10.16,24.45
"Cowichan","ECVI",2006,288,"3,4,5",1.04,0,0,0.69,0,20.83,4.51,0,0,0,0,0,20.49,2.78,0.69,0,0,0,0.69,5.21,0,0,0,6.6,0,0,4.51,0,4.51,27.43
"Cowichan","ECVI",2007,250,"2,4,5",0,0,0.8,0,0,8.8,1.6,0,1.6,0,0,0,16.8,0.4,0.8,0,0,0,0.8,0,0,0,0,6,0,0,7.6,0,2,52.8
"Cowichan","ECVI",2008,274,"2,3,5",0,0,0.36,0,0,12.04,4.38,0,0,0,0,0,37.96,1.09,0,0,0,0,0,0.73,0,0,0,5.84,0,0,5.11,0,4.38,28.1
"Cowichan","ECVI",2009,603,"2,3,4",0,0,0.5,0,0,5.8,5.97,0,0,0.17,0,0,42.79,0.66,0,0,0,0,0,5.31,0,0,0,5.64,0,0,4.15,0,11.28,17.74
"Cowichan","ECVI",2010,1249,"2,3,4,5",0.24,0.08,0,0,0,8.49,2.24,0,0,0.32,0,0,40.75,1.2,0,0,0,0.08,0.64,3.76,0,0,0,1.36,0,0,5.28,0,2.4,33.15
"Cowichan","ECVI",2011,1929,"2,3,4,5",0.73,0.21,0,0.21,0.16,5.65,3.89,0,0,1.3,0,0,21.15,1.45,0.26,0,0,0,0.73,6.27,0,0,0,1.76,0,0,4.3,0,1.76,50.18
"Cowichan","ECVI",2012,3380,"2,3,4,5",0.65,0.09,0.12,0.53,0.03,3.61,2.96,0,0,0.56,0,0.12,24.91,2.66,0.36,0,0,0,0.03,9.17,0,0,0,11.95,0.12,0,3.61,0,1.75,36.78
"Cowichan","ECVI",2013,3658,"2,3,4,5",0.3,0.14,0,0,0.16,2.52,3.58,0,0,0.22,0,0.05,34.42,2.1,0.36,0,0,0,0.98,5.63,0,0,0,1.97,0,0,4.98,0,4.26,38.33
"Cowichan","ECVI",2014,2704,"2,3,4,5",1.18,0,0.18,0.7,0,5.99,5.73,0,0,0.55,0,0,44.38,1.44,0.07,0,0,0,0.22,4.33,0,0,0,4.4,0,0,1.11,0,1.18,28.51
"Cowichan","ECVI",2015,1313,"2,3,4,5",0.76,0.46,0,0.23,0,0.53,2.51,0,0,2.13,0,0,35.57,1.29,0,0,0,0,0.15,1.98,0,0,0,3.66,0,0,1.29,0,7.77,41.66
"Cowichan","ECVI",2016,3360,"2,3,4,5",0.33,0.06,0.03,0.15,0,1.01,1.28,0,0,0.68,0,0,36.34,0.65,0.24,0,0,0,0,1.37,0,0,0,2.56,0,0,3.57,0,1.52,50.21
"Cowichan","ECVI",2017,3005,"2,3,4,5",0.27,0.1,0.47,0.3,0,4.49,4.46,0,0,0.67,0,0,24.46,1.03,0.13,0,0,0,0.3,3.49,0,0,0,3.66,0,0,3.89,0,1.06,51.21
"Cowichan","ECVI",2018,3796,"2,3,4,5",0.66,0.08,0,0.16,0,1.03,3.32,0,0.32,0.4,0,0,42.02,0.55,0,0,0,0,0.16,5.82,0,0,0,14.65,0,0,4.32,0,1,25.53
"Cowichan","ECVI",2019,1348,"2,3,4,5",0.37,0.52,0.07,0.59,0,2,2.97,0,0,4.53,0,0,36.72,0.22,0.3,0,0,0,0,5.42,0,0,0,0.3,0,0,6.08,0,0.45,39.47
"Chilliwack","Fraser",1984,4646,"2,3",0.02,0,0,0.45,0,26.58,0.09,4.69,0.19,0,13.73,4.18,22.32,1.92,0,0.28,0.11,0,1.14,2.32,0,0,0,0,1.4,0,0,0,0.32,20.25
"Chilliwack","Fraser",1985,2351,"2,3,4",1.02,0.09,0,0.34,0,32.62,0,2.17,0.72,0,6.04,5.49,21.35,3.66,0.38,0.13,0,0,3.28,4.17,0,0,0,0,1.02,0,0.3,0,4.76,12.46
"Chilliwack","Fraser",1986,2149,"2,3,4,5",0,0,0,0.79,0,20.2,0,2.61,1.49,0,9.4,11.77,18.52,2.75,0.19,0,0,0,3.02,7.68,0,0,0,0,1.26,0,0.47,0,1.12,18.75
"Chilliwack","Fraser",1987,2709,"2,3,4,5",0.04,0,0,0.85,0,18.6,0.52,0.41,0.3,0,15.61,2.73,18.57,3.77,0.15,0.15,0,0.04,2.81,2.69,0,0,0,0,1.14,0,0.44,0,1.92,29.27
"Chilliwack","Fraser",1988,2450,"2,3,4,5",0.37,0.12,0,0.16,0,17.63,0,0,0.12,0,6.29,3.71,12.82,4.04,0.08,0.08,0,0,2.65,2.69,0,0,0,0,2.45,0,0,0,2.29,44.49
"Chilliwack","Fraser",1989,1304,"2,3,4,5",0.23,0,0,0,0,23.08,0,0,0.46,0,1.69,3.14,20.4,4.37,0.15,1.15,0,0,2.76,1.3,0,0,0,0,0.54,0,0.31,0,2.07,38.34
"Chilliwack","Fraser",1990,1724,"2,3,4,5",0.93,0,0,0,0,10.85,2.09,0.12,1.28,0,3.54,1.91,17.17,6.32,0.52,0,0,0,8.53,7.6,0,0,0,1.8,1.1,0,0.58,0,4.23,31.44
"Chilliwack","Fraser",1991,3103,"2,3,4,5",0.19,0.13,0,0.39,0,19.37,0.48,0.23,0.84,0,9.09,1.8,16.15,12.92,0.19,0.39,0,0,3.64,5.16,0,0,0,2.42,1.48,0,0.64,0,0.97,23.53
"Chilliwack","Fraser",1992,4221,"2,3,4,5",0.31,0,0,0.09,0,19.78,0.12,0.69,0.26,0,6.52,0.81,10.68,8.62,0.12,0,0,0,0.78,3.51,0,0,0,0.5,1.14,0,0,0,1.49,44.59
"Chilliwack","Fraser",1993,2027,"2,3,4,5",0.2,0,0,0,0,13.02,0.35,0,0,0,7.99,0.1,7.15,7.15,0,0.25,0,0,0,1.09,0,0,0,1.28,1.97,0,0,0,2.07,57.38
"Chilliwack","Fraser",1994,719,"2,3,4,5",0.42,0.28,0,0.83,0,8.48,0,0.42,1.67,0,3.34,4.17,10.15,1.53,0,0,0,0,2.78,6.12,0,0,0,1.53,5.84,0,0.42,0,0,52.02
"Chilliwack","Fraser",1995,2213,"2,3,4,5",0,0,0,0,0,12.74,0.5,0,0.81,0,0,0.36,8.09,1.08,0,0,0,0,0.99,2.49,0,0,0,1.85,0.99,0,0,0,0.05,70.04
"Chilliwack","Fraser",1996,1769,"2,3,4,5",0.23,0,0,0,0,2.04,0.4,0,1.07,0,0,0.23,21.76,2.88,0.23,1.19,0,0,0.57,4.41,0,0,0,0.85,2.54,0,0.28,0,0.06,61.28
"Chilliwack","Fraser",1997,2409,"2,3,4,5",0.54,0,0,0.12,0,12.74,0.87,0.29,0.62,0,0,0.58,16.44,3.36,0.08,1.33,0.08,0,1.66,3.94,0,0,0,2.57,2.53,0,0.5,0,0,51.72
"Chilliwack","Fraser",1998,3196,"2,3,4,5",0.5,0,0,0,0,0.22,0,0,0,0.25,0,0.03,4.35,2.1,0,1.16,0,0,0.22,0.91,0,0,0,0.16,1.25,0,0,0,0.47,88.39
"Chilliwack","Fraser",1999,3370,"2,3,4,5",0.12,0,0,0.18,0,0.33,1.42,0,0,0,0,0,11.36,12.85,0.47,0.47,0,0,0.09,0.53,0,0,0,0.42,1.57,0,0.59,0,0.3,69.29
"Chilliwack","Fraser",2000,3582,"2,3,4,5",0.08,0,0,0,0,4.41,1.87,0,0,0.31,0,0,3.71,3.29,0.06,0,0,0,0,0.7,0,0,0,0,1.84,0,0.39,0,0.03,83.31
"Chilliwack","Fraser",2001,3475,"2,3,4,5",0.06,0.06,0,0,0,4.43,1.87,0,0,0.2,0,0,11.6,6.76,0.43,0.75,0,0,0.32,6.13,0,0,0,0.23,15.54,0,0.6,0,0.03,50.99
"Chilliwack","Fraser",2002,5136,"2,3,4,5",0.27,0,0,0.14,0,8.18,4.34,0,0.12,0.23,0,0,4.83,7.4,1.21,0.56,0,0,0.1,1.97,0,0,0,0.56,5.22,0,0.19,0,0,64.68
"Chilliwack","Fraser",2003,4945,"2,3,4,5",0.14,0,0,0,0,5.36,2.18,0,0,0.16,0,0,3.5,7.56,0.44,0.51,0,0,0.24,1.19,0,0,0,0.28,6.07,0,0,0,5.64,66.71
"Chilliwack","Fraser",2004,6874,"2,3,4,5",0.13,0,0,0.16,0,5.19,2.3,0,0,0,0,0,2.23,6.66,0.2,0.07,0,0,0.09,1.08,0,0,0,0.65,4.64,0,0,0,0.36,76.23
"Chilliwack","Fraser",2005,4298,"2,3,4,5",0.02,0,0,0.09,0,7.05,2.98,0,0.09,0.19,0,0,4.58,3.54,0.81,0,0,0,0.16,0.95,0,0,0,3.19,5.61,0,0.58,0,0,70.15
"Chilliwack","Fraser",2006,2743,"2,3,4,5",0,0,0,0.47,0,7.84,2.15,0,0,0,0,0,2.44,2.88,0.33,0.07,0,0,0.15,1.68,0,0,0,0.62,4.85,0,0.07,0,0.98,75.46
"Chilliwack","Fraser",2007,2431,"2,3,4,5",0,0,0,0.21,0,6.25,2.43,0,0,0,0,0,1.4,2.02,0.12,0,0,0,0.08,1.15,0,0,0,1.93,4.81,0,0.41,0,0.12,79.06
"Chilliwack","Fraser",2008,2860,"2,3,4,5",0.31,0,0,0,0,10.87,3.85,0,0,0,0,0.07,3.22,4.69,1.61,0,0.07,0,0.21,2.03,0,0,0,0.94,9.55,0,0.63,0,0.59,61.36
"Chilliwack","Fraser",2009,2986,"2,3,4,5",0,0,0,0,0,1.67,2.41,0,0,0,0,0.03,4.66,0.7,0.33,0,0,0,0.6,3.25,0,0,0,3.32,14,0,0.2,0,1.27,67.55
"Chilliwack","Fraser",2010,6393,"2,3,4,5",0.25,0,0,0.05,0,2.64,2.38,0,0,0,0,0.03,6.24,3.1,0.95,0.36,0,0,0.42,1.45,0,0,0,1.44,6.16,0,0.38,0,0.59,73.55
"Chilliwack","Fraser",2011,5881,"2,3,4,5",0,0,0,0.09,0,3.74,2.4,0,0.03,0.15,0,0.85,3.84,1.28,0.56,0.02,0,0,0.31,2.69,0,0,0,0.68,3.01,0,0.53,0,0,79.83
"Chilliwack","Fraser",2012,5613,"2,3,4,5",0,0,0,0.02,0,1.03,1.41,0,0,0.04,0,0.2,11.56,5.15,0.73,0.11,0.05,0,0.09,7.41,0,0,0,0.27,5.36,0,0.36,0,0,66.22
"Chilliwack","Fraser",2013,13046,"2,3,4,5",0.02,0.05,0,0.09,0.02,2.42,2.29,0,0.04,0.03,0,0.95,10.3,5.43,1.03,0.08,0,0,0.49,3.01,0,0,0,1.3,5.68,0,0.24,0,0.28,66.26
"Chilliwack","Fraser",2014,11961,"2,3,4,5",0.13,0,0,0.01,0,1.4,1.22,0,0,0.03,0.06,2.26,11.59,3.49,0.57,0.14,0,0,0.63,2.02,0,0,0,1.35,3.8,0,0.18,0,0.33,70.81
"Chilliwack","Fraser",2015,6333,"2,3,4,5",0,0,0,0.05,0.08,0.46,0.52,0,0,0,0.02,1.09,10.44,3.08,0.47,0.02,0,0.16,0.33,1.5,0,0,0,3.24,5.94,0,0,0,1.03,71.59
"Chilliwack","Fraser",2016,6948,"2,3,4,5",0.06,0.03,0,0.04,0,1.07,1.84,0,0,0,0,0.16,12.52,1.91,0.45,0.06,0,0,0.01,0.22,0,0,0,0.78,6.82,0,0.23,0,0.29,73.52
"Chilliwack","Fraser",2017,5652,"2,3,4,5",0,0,0,0.09,0,1.82,3.36,0,0,0.04,0,0.44,18.98,4.64,0.6,0.09,0.05,0,0.18,0.96,0,0,0,0.57,8.85,0,0.12,0,0.96,58.26
"Chilliwack","Fraser",2018,6017,"2,3,4,5",0.18,0,0,0.32,0,0.5,1.05,0,0,0.22,0,0.78,24.75,5.07,0.27,0.03,0,0,0.35,1.1,0,0,0,1.36,2.59,0,0.05,0,0,61.39
"Chilliwack","Fraser",2019,10540,"2,3,4,5",0.13,0.1,0.02,0.15,0,0.45,0.76,0,0,0.06,0,0.34,7.62,1.18,0.16,0,0,0,0.49,1.33,0,0,0,0.16,7.69,0,0,0,0.11,79.24
"Big Qualicum","ECVI",1979,5085,"2,3,4,5",4.33,0.69,0.43,1.91,0,2.48,0,10.54,4.09,0.14,20.98,7.85,18.33,0,0.08,0,0,0,0.14,0,0,0,0,0,0,0,0.14,0,0,27.89
"Big Qualicum","ECVI",1980,2919,"2,3,4,5",1.58,1.61,0.41,4.66,0,4.66,0,7.16,3.46,0.31,15.21,9.46,24.91,0.14,0,0,0,0,0.21,0.24,0,0,0,0,0,0,0.07,0,0,25.93
"Big Qualicum","ECVI",1981,1536,"2,3,4,5",2.28,0.13,0.39,1.43,0,1.63,0,12.37,4.56,0,17.51,9.44,38.22,0,0,0,0,0,0.13,0.65,0,0,0,0,0,0,0,0,0,11.26
"Big Qualicum","ECVI",1982,788,"2,3,4,5",5.58,0.63,1.27,4.7,0,4.57,0,6.09,8.5,0.25,12.56,11.93,13.07,0,0,0,0,0,0.25,0.76,0,0,0,0,0,0,0.76,0,0.13,28.93
"Big Qualicum","ECVI",1983,696,"2,3,4,5",5.46,0.29,0.86,5.03,0,1.15,0,7.18,4.6,0.29,14.51,14.08,24.14,0,0,0,0,0,0,1.01,0,0,0,0,0,0,0,0,0,21.41
"Big Qualicum","ECVI",1984,556,"2,3,4,5",2.16,0.36,0,1.44,0,1.62,0,7.01,3.78,1.08,8.99,6.12,48.92,0,0,0,0,0,0,0,0,0,0,0,0,0,0,0,0,18.53
"Big Qualicum","ECVI",1985,806,"2,3,4,5",6.82,1.12,0,2.11,0,1.61,0,4.34,6.58,0.62,2.36,12.03,33.37,0,0,0,0,0,1.36,0,0,0,0,0,1.36,0,0.87,0,0.25,25.19
"Big Qualicum","ECVI",1986,1346,"2,3,4,5",2.9,0.45,0,0.74,0,1.41,0,13.6,7.8,0.82,9.96,6.91,36.4,0,0,0,0,0,0,0,0,0,0,0,1.04,0,0,0,0,17.98
"Big Qualicum","ECVI",1987,796,"2,3,4,5",10.05,0,0.88,4.27,0,4.65,0,2.76,2.51,0,2.14,5.03,32.41,0.75,0,0,0,0,0.63,0,0,0,0,0,0,0,0,0,0,33.92
"Big Qualicum","ECVI",1988,547,"2,3,4,5",2.38,1.83,0,2.19,0,2.74,0,1.1,8.23,0,1.65,3.84,45.89,0,0,0,0,0,0.73,0,0,0,0,0,0.91,0,0,0,0.37,28.15
"Big Qualicum","ECVI",1989,632,"2,3,4,5",3.48,5.06,0.79,3.48,0,4.91,0,0.47,0.79,0,1.9,6.96,42.25,0.32,0,0,0,0,0,1.11,0.79,0,0,0,0,0,0,0,0.95,26.74
"Big Qualicum","ECVI",1990,781,"2,3,4,5",4.48,4.35,0,6.53,1.66,2.94,0,1.54,6.15,0,3.59,9.73,24.84,0.13,0,0,0,0,0,2.56,0,0,0,0.38,0,0,0,0,0.51,30.6
"Big Qualicum","ECVI",1991,795,"2,3,4,5",2.77,3.4,0,2.26,0,1.89,0,1.26,2.52,0.63,5.91,4.65,44.65,0.5,0,0,0,0,0,0,0,0,0,0,0.5,0,0.38,0,0.88,27.8
"Big Qualicum","ECVI",1992,765,"2,3,4,5",3.14,5.23,2.35,5.36,0,3.14,0,5.49,1.18,1.18,9.67,3.14,38.3,0,0,0,0,0,0,0,0,0,0,0,1.7,0,0.39,0,1.05,18.69
"Big Qualicum","ECVI",1993,523,"2,3,4,5",1.34,2.29,0,1.72,0,1.72,0,4.21,2.29,0,4.21,5.74,50.48,0,0,0,0,0,0,1.15,0,0,0,0,0,0,0,0,0.19,24.67
"Big Qualicum","ECVI",1994,278,"2,3,4,5",5.04,0,0,1.44,1.8,2.88,0,1.44,3.24,0,5.04,1.44,32.73,0,0,0,0,0,2.52,0,0,0,0,1.08,0,0,0,0,0.36,41.01
"Big Qualicum","ECVI",1995,248,"2,3,4,5",6.85,0,0,1.61,0,0,0,0,8.06,0,0,2.82,30.24,0,0,0,0,0,0,0,0,0,0,0,0.81,0,0,0,0.4,49.19
"Big Qualicum","ECVI",1996,371,"2,3,4,5",2.96,0,0,0.54,0,0.27,0,0,0.81,0.81,0,0.27,56.87,0,0,0,0,0,0,1.08,0,0,0,0,0,0,0,0,0.27,36.12
"Big Qualicum","ECVI",1997,234,"2,3,4,5",4.27,0,0,3.42,0,0,2.14,3.42,1.71,1.71,0.85,2.99,34.62,0,0,0,0,0,0,0,0,0,0,0,0,0,0,0,0.43,44.44
"Big Qualicum","ECVI",1998,209,"2,3,4,5",7.18,0.48,0,0,0,0,0,0,0,1.91,0,0,28.71,0,0,0,0,0,0,0,0,0,0,0,0,0,0,0,2.39,59.33
"Big Qualicum","ECVI",1999,297,"2,3,4,5",6.06,2.02,0,3.7,2.36,0,0,3.7,0,0,0,0,20.88,0,0,0,0,0,0,0,0,0,0,0,0,0,0.67,0,1.68,58.92
"Big Qualicum","ECVI",2000,248,"2,3,4,5",16.53,1.61,0,0,0,0,0,0,0.4,0,0,0,17.34,0,0,0,0,0,0,0,0,0,0,0,0,0,3.23,0,0,60.89
"Big Qualicum","ECVI",2001,528,"2,3,4,5",5.3,10.42,0,0,9.28,0.57,0,0,0,0.95,0,0,12.12,0,0,0,0,0,0,0,0,0,0,0,0,0,1.52,0,1.7,58.14
"Big Qualicum","ECVI",2002,337,"2,3,4,5",10.09,0,2.67,3.56,0,1.78,3.26,0,0,3.26,0,5.04,13.06,0,0.89,0,0,0,0,0,0,0,0,0,0,0,1.78,0,2.37,52.23
"Big Qualicum","ECVI",2003,259,"2,3,4,5",8.49,0.39,1.93,0,0,3.47,0,0,0,10.04,0,0,17.37,0,0,0,0,0,0,0,0,0,0,0,0,0,0,0,2.32,55.98
"Big Qualicum","ECVI",2004,412,"2,3,4,5",8.5,0,1.46,5.34,0,1.46,0,0,0,0,0,0,15.05,0.49,0,0,0,0,0.97,0,0,0,0,0,0,0,0.24,0,1.94,64.56
"Big Qualicum","ECVI",2005,600,"2,3,4,5",9.67,0.33,0,2,0,5.33,2.83,0,1,2.5,0,0,22.17,0.5,0.67,0,0,0,0.33,0,0,0,0,0,0,0,2.33,0,1.17,49.17
"Big Qualicum","ECVI",2006,625,"2,3,4,5",5.12,3.68,1.44,1.6,0,0.64,0,0,0,2.88,0,0,9.6,0,0.48,0,0,0,0.16,0,0,0,0,0,0,0,0,0,0.48,73.92
"Big Qualicum","ECVI",2007,622,"2,3,4,5",12.22,0.64,0.64,5.31,3.22,0.64,2.25,0,0.96,1.29,0,0,15.92,0,0,0,0,0,0,0,0,0,0,0,0,0,0.96,0,0.48,55.47
"Big Qualicum","ECVI",2008,446,"2,3,4,5",4.93,0.9,2.91,1.79,0,0.9,2.91,0,0,4.04,0,0.45,18.83,0,0,0,0,0,0,4.71,0,0,0,0,0,0,1.35,0,0.22,56.05
"Big Qualicum","ECVI",2009,557,"2,3,4,5",4.67,5.57,0,1.97,0,1.44,2.51,0,0,1.62,0,0,16.16,0.54,0,0,0,0,0.36,0.72,0,0,0,0,0,0,0.54,0,1.62,62.3
"Big Qualicum","ECVI",2010,476,"2,3,4,5",6.3,0.21,1.47,1.68,0,1.05,3.78,0,0,1.47,0,0,20.59,1.89,0,0,0,0,0.84,0,0,0,0,0,0,0,0.63,0,0.84,59.24
"Big Qualicum","ECVI",2011,523,"2,3,4,5",7.84,1.72,2.1,0,1.34,1.15,0,0,0,3.82,0,0,13.38,0,0,0,0,0,0,0,0,0,0,0,0.96,0,1.15,0,0.96,65.58
"Big Qualicum","ECVI",2012,554,"2,3,4,5",7.58,1.62,0,3.07,1.44,2.89,0,0,0,4.33,0,0,26.53,0.54,0,0,0,0,0,1.44,0,0,0,0,0.72,0,0,0,0.72,49.1
"Big Qualicum","ECVI",2013,903,"2,3,4,5",1.88,1.77,0,1.33,1.44,0.44,1.99,0,0,1.22,0,0,26.8,0.22,0,0,0,0,0,1,0,0,0,0,0.33,0,0.55,0,0.22,60.8
"Big Qualicum","ECVI",2014,1938,"2,3,4,5",3.2,1.96,0.26,1.24,0.77,0.41,2.37,0,0,0.93,0,0,43.03,0.41,0.1,0,0,0,0,0.57,0,0,0,0,0.31,0,0,0,0.1,44.32
"Big Qualicum","ECVI",2015,2059,"2,3,4,5",4.91,0.58,0.49,0.87,0.19,1.12,0.63,0,0.1,1.89,0,0,23.46,0.15,0,0,0,0,0.05,0,0,0,0,0,0,0,0.15,0,0.24,65.18
"Big Qualicum","ECVI",2016,1129,"2,3,4,5",6.73,2.83,0.53,0.71,0,0,0.97,0,0,3.9,0,0,40.12,0,0,0,0,0,0,1.33,0,0,0,0,0,0,0.18,0,0,42.69
"Big Qualicum","ECVI",2017,694,"2,3,4,5",1.73,0.58,0,1.73,0.58,0,0.14,0,0,3.03,0,0,18.44,0.29,0,0,0,0,0,0,0,0,0,0,0,0,0,0,0.14,73.34
"Big Qualicum","ECVI",2018,262,"2,3,4,5",1.15,1.91,0,1.53,0,1.15,0,0,0,0,0,0,32.44,0,0,0,0,0,0,0,0,0,0,0,0,0,0,0,0,61.83
"Big Qualicum","ECVI",2019,370,"2,3,4,5",1.35,0.81,0,0,0,0,0,0,0,8.92,0,0,38.11,0,0,0,0,0,0,0,0,0,0,0,0,0,0,0,0,50.81
"Atnarko.Yearling","North Coast",1993,4,"2,3",25,0,0,0,0,0,0,0,75,0,0,0,0,0,0,0,0,0,0,0,0,0,0,0,0,0,0,0,0,0
"Atnarko.Yearling","North Coast",1994,57,"2,3,4",1.75,10.53,0,0,1.75,0,0,0,21.05,0,0,0,0,0,0,0,0,0,0,0,0,0,0,0,0,0,0,0,0,64.91
"Atnarko.Yearling","North Coast",1995,348,"2,3,4,5",8.91,0,0,3.16,3.45,0,0,0,24.71,1.44,0,0.29,0,0,0,0,0,0,0,0,0,0,0,3.74,3.16,0,0,0,0,51.15
"Atnarko.Yearling","North Coast",1996,671,"3,4,5",4.92,0.45,0.15,0.3,0.6,0,0,0,13.71,1.04,0,0,0,0,0,0,0,0,0,0,0,0,0,4.77,12.07,0,0,0,0,62
"Atnarko.Yearling","North Coast",1997,520,"4,5",5.96,0,1.35,0.38,2.5,0,0,0,13.46,1.15,0,0,0,0,0,0,0,0,0,0,0,0,0,5.77,5.96,0,0,0,0,63.46
"Atnarko.Yearling","North Coast",2010,36,"2,3",25,2.78,5.56,8.33,13.89,0,0,0,0,5.56,0,0,0,0,0,0,0,0,0,0,0,0,0,2.78,0,0,0,0,0,36.11
"Atnarko.Yearling","North Coast",2011,98,"2,3,4",21.43,5.1,2.04,5.1,5.1,0,0,0,2.04,11.22,0,0,0,0,0,0,0,0,0,0,0,0,0,9.18,0,0,0,0,0,38.78
"Atnarko.Yearling","North Coast",2012,951,"2,3,4,5",9.67,0.74,1.26,5.15,2.94,0,0,0,17.46,2.42,0,0,0,0,0,0,0,0,0,0,0,0,0,12.62,0.84,0,0,0,0,46.9
"Atnarko.Yearling","North Coast",2013,2979,"2,3,4,5",3.69,0.2,0.54,1.61,3.46,0.2,0,0,9.2,1.24,0,0,0,0,0,0,0,0,0,0,0,0,0,6.88,0.7,0,0,0,0,72.27
"Atnarko.Yearling","North Coast",2014,1375,"3,4,5",7.93,0.22,0.73,4.36,3.64,0,0,0,9.38,2.33,0,0,0,0,0,0,0.15,0,0,0,0,0,0,9.09,4.51,0,0,0,0,57.67
"Atnarko.Yearling","North Coast",2015,1982,"4,5",3.08,0.15,0.71,0.3,2.67,0.15,0,0,8.88,3.68,0,0,0,0,0,0,0,0,0,0,0,0,0,7.97,0.76,0,0,0,0,71.64
"Atnarko","North Coast",1989,36,"2,3",19.44,38.89,0,16.67,2.78,0,0,0,22.22,0,0,0,0,0,0,0,0,0,0,0,0,0,0,0,0,0,0,0,0,0
"Atnarko","North Coast",1990,145,"2,3,4",20.69,3.45,0,2.07,0.69,0.69,0,4.83,14.48,0,0,0,0,0,0,0,0,0,0,0,0,0,0,2.76,0,0,0,0,0,50.34
"Atnarko","North Coast",1991,789,"2,3,4,5",6.72,0,0,1.27,1.14,0.38,0,0.38,20.41,0.63,0,0,0,0,0,0,0,0,0,0,0,0,0,3.17,3.42,0,0,0,0,62.48
"Atnarko","North Coast",1992,984,"2,3,4,5",9.96,0,0,1.83,1.83,0.3,0,5.28,17.99,1.83,0,0,0,0,0,0,0.2,0,0,0,0,0,0,3.66,1.83,0,0,0,0,55.28
"Atnarko","North Coast",1993,1337,"2,3,4,5",10.1,0.82,0.6,4.56,2.09,0.45,0,1.2,12.86,1.57,0,0,0,0,0,0,0,0,0,0,0,0,0,2.17,2.17,0,0,0,0,61.41
"Atnarko","North Coast",1994,1704,"2,3,4,5",7.57,0.18,0.23,1.53,1.82,0,0,2.58,18.19,0.59,0,0,0,0,0,0,0,0,0,0,0,0,0,2.29,1,0,0,0,0,64.03
"Atnarko","North Coast",1995,2332,"2,3,4,5",4.5,0.09,1.16,1.11,2.79,0,0,0.34,15.31,0.6,0,0,0,0,0,0,0,0,0,0,0,0,0,5.19,3.43,0,0,0,0,65.48
"Atnarko","North Coast",1996,2074,"2,3,4,5",2.65,0,0.53,0.24,0.58,0,0,0,11.04,1.21,0,0,0,0,0,0,0,0,0,0,0,0,0,5.3,5.69,0,0,0,0,72.76
"Atnarko","North Coast",1997,1142,"2,3,4,5",4.38,0,1.58,0.18,3.15,0,0,0.44,9.46,0.7,0,0,0,0,0,0,0,0,0,0,0,0,0,8.41,4.47,0,0,0,0,67.25
"Atnarko","North Coast",1998,1071,"2,3,4,5",7.28,0,0.37,0,4.86,0,0,0,12.98,1.12,0,0,0.19,0,0,0,0,0,0,0,0,0,0,10.18,3.36,0,0,0,0,59.66
"Atnarko","North Coast",1999,1436,"2,3,4,5",5.78,0,2.51,0,2.99,0,0,0,7.1,1.32,0,0,0,0.21,0,0,0,0,0,0,0,0,0,4.39,3.69,0,0,0,0,72.01
"Atnarko","North Coast",2000,1047,"2,3,4,5",6.4,0.1,0,0,3.53,0,0,0,6.97,0,0,0,0,0,0,0,0,0,0,0,0,0,0,7.64,4.11,0,0,0,0,71.25
"Atnarko","North Coast",2001,689,"2,3,4,5",6.53,0,2.18,0,2.18,0.29,0,0,12.92,0.87,0,0,0,0,0.15,0,0,0,0,0,0,0,0,8.56,4.79,0,0,0,0,61.54
"Atnarko","North Coast",2002,752,"2,3,4,5",4.92,0.13,0.4,8.91,3.99,0.8,0,0,15.69,3.32,0,0,0,0,0,0,0,0,0,0,0,0,0,7.18,2.13,0,0,0,0,52.53
"Atnarko","North Coast",2003,615,"2,3,4,5",5.04,0.16,0,2.93,5.85,0,0,0,23.9,8.62,0,0,0,0,0,0,0,0,0,0,0,0,0,8.13,3.41,0,0,0,0,41.95
"Atnarko","North Coast",2004,711,"2,3,4,5",9.85,0,0,3.38,5.77,0,0,0,20.11,5.2,0,0,0,0,0,0,0,0,0,0,0,0,0,7.74,1.27,0,0,0,0,46.69
"Atnarko","North Coast",2005,938,"3,4,5",13.01,0.11,1.71,4.48,5.97,0,0,0,15.57,9.59,0,0,0,0,0,0,0,0,0,0,0,0,0,7.04,2.03,0,0,0,0,40.51
"Atnarko","North Coast",2006,1423,"4,5",8.78,0,1.41,2.25,2.39,0,0,0,8.78,5.06,0,0,0,0,0,0,0,0,0,0,0,0,0,4.5,2.46,0,0,0,0,64.37
"Atnarko","North Coast",2007,398,"2,5",11.56,0,5.53,1.26,3.77,0.5,0,0,16.83,5.03,0,0,0,0,0,0,0,0,0,0,0,0,0,5.78,2.51,0,0,0,0,47.24
"Atnarko","North Coast",2008,154,"2,3",6.49,0,3.25,1.95,0,0,0,0,8.44,1.95,0,0,0,0,0,0,0,0,0,0,0,0,0,3.9,0,0,0,0,0,74.03
"Atnarko","North Coast",2009,683,"2,3,4",9.37,0,0,3.22,3.37,0,0,0,22.84,2.64,0,0,0,0,0,0,0,0,0,0,0,0,0,9.37,3.51,0,0,0,0,45.68
"Atnarko","North Coast",2010,831,"2,3,4,5",11.19,0.12,0.6,2.89,1.68,0,0,0,13.12,6.5,0,0,0.48,0,0,0,0,0,0,0,0,0,0,10.59,2.65,0,0,0,0,50.18
"Atnarko","North Coast",2011,568,"2,3,4,5",14.08,0,0.53,8.45,3.17,0,0,0,21.65,7.22,0,0,0,0,0,0,0,0,0,0,0,0,0,7.39,0.88,0,0,0,0,36.62
"Atnarko","North Coast",2012,873,"2,3,4,5",12.6,0.57,0.8,2.29,2.18,0,0,0,16.15,2.63,0,0,0,0,0,0,0,0,0,0,0,0,0,12.83,0,0,0,0,0,49.94
"Atnarko","North Coast",2013,3016,"2,3,4,5",4.38,0.36,0.36,1.46,2.55,0,0,0,9.08,1.26,0,0,0.17,0,0,0,0,0,0,0,0.07,0,0,9.35,3.45,0,0,0,0,67.51
"Atnarko","North Coast",2014,3345,"2,3,4,5",6.22,0.54,0.39,2.66,2,0.18,0.21,0,6.79,3.86,0,0,0.06,0,0,0,0,0,0,0,0,0,0,11.18,3.83,0,0,0,0,62.09
"Atnarko","North Coast",2015,8545,"2,3,4,5",3.82,0.04,0.73,1.01,2.47,0.2,0,0,7.76,3.48,0,0,0.08,0.04,0,0,0,0,0,0,0,0,0,6.95,0.68,0,0,0,0,72.77
"Atnarko","North Coast",2016,4857,"2,3,4,5",4.69,1.26,0.86,1.05,2.99,0.31,0,0,4.16,3.83,0,0,0,0.06,0,0,0,0,0,0,0,0,0,11.88,2.06,0,0,0,0,66.85
"Atnarko","North Coast",2017,2080,"2,3,4,5",5.58,0.14,0.77,2.07,1.97,0.19,0,0,11.97,3.13,0,0,0.29,0,0,0,0,0,0,0,0,0,0,17.4,2.69,0,0,0,0,53.8
"Atnarko","North Coast",2018,2216,"2,3,4,5",2.66,0,0.45,0.72,1.04,0.14,0,0,17.19,1.08,0,0,0.45,0,0,0,0,0,0,0,0,0,0,11.51,0.45,0,0,0,0,64.31
"Atnarko","North Coast",2019,2385,"3,4,5",1.3,0,0.59,0,2.18,0,0.67,0,15.97,3.31,0,0,0.04,0.04,0,0,0,0,0,0,0,0,0,10.94,8.72,0,0,0,0,56.23
"Skitine","TBR",1979,NA,NA,NA,NA,NA,NA,NA,NA,NA,NA,NA,NA,NA,NA,NA,NA,NA,NA,NA,NA,NA,NA,NA,NA,NA,NA,NA,NA,NA,NA,NA,NA
"Skitine","TBR",1980,NA,NA,NA,NA,NA,NA,NA,NA,NA,NA,NA,NA,NA,NA,NA,NA,NA,NA,NA,NA,NA,NA,NA,NA,NA,NA,NA,NA,NA,NA,NA,NA
"Skitine","TBR",1981,NA,NA,NA,NA,NA,NA,NA,NA,NA,NA,NA,NA,NA,NA,NA,NA,NA,NA,NA,NA,NA,NA,NA,NA,NA,NA,NA,NA,NA,NA,NA,NA
"Skitine","TBR",1982,NA,NA,NA,NA,NA,NA,NA,NA,NA,NA,NA,NA,NA,NA,NA,NA,NA,NA,NA,NA,NA,NA,NA,NA,NA,NA,NA,NA,NA,NA,NA,NA
"Skitine","TBR",1983,NA,NA,NA,NA,NA,NA,NA,NA,NA,NA,NA,NA,NA,NA,NA,NA,NA,NA,NA,NA,NA,NA,NA,NA,NA,NA,NA,NA,NA,NA,NA,NA
"Skitine","TBR",1984,NA,NA,NA,NA,NA,NA,NA,NA,NA,NA,NA,NA,NA,NA,NA,NA,NA,NA,NA,NA,NA,NA,NA,NA,NA,NA,NA,NA,NA,NA,NA,NA
"Skitine","TBR",1985,NA,NA,NA,NA,NA,NA,NA,NA,NA,NA,NA,NA,NA,NA,NA,NA,NA,NA,NA,NA,NA,NA,NA,NA,NA,NA,NA,NA,NA,NA,NA,NA
"Skitine","TBR",1986,NA,NA,NA,NA,NA,NA,NA,NA,NA,NA,NA,NA,NA,NA,NA,NA,NA,NA,NA,NA,NA,NA,NA,NA,NA,NA,NA,NA,NA,NA,NA,NA
"Skitine","TBR",1987,NA,NA,NA,NA,NA,NA,NA,NA,NA,NA,NA,NA,NA,NA,NA,NA,NA,NA,NA,NA,NA,NA,NA,NA,NA,NA,NA,NA,NA,NA,NA,NA
"Skitine","TBR",1988,NA,NA,NA,NA,NA,NA,NA,NA,NA,NA,NA,NA,NA,NA,NA,NA,NA,NA,NA,NA,NA,NA,NA,NA,NA,NA,NA,NA,NA,NA,NA,NA
"Skitine","TBR",1989,NA,NA,NA,NA,NA,NA,NA,NA,NA,NA,NA,NA,NA,NA,NA,NA,NA,NA,NA,NA,NA,NA,NA,NA,NA,NA,NA,NA,NA,NA,NA,NA
"Skitine","TBR",1990,NA,NA,NA,NA,NA,NA,NA,NA,NA,NA,NA,NA,NA,NA,NA,NA,NA,NA,NA,NA,NA,NA,NA,NA,NA,NA,NA,NA,NA,NA,NA,NA
"Skitine","TBR",1991,NA,NA,NA,NA,NA,NA,NA,NA,NA,NA,NA,NA,NA,NA,NA,NA,NA,NA,NA,NA,NA,NA,NA,NA,NA,NA,NA,NA,NA,NA,NA,NA
"Skitine","TBR",1992,NA,NA,NA,NA,NA,NA,NA,NA,NA,NA,NA,NA,NA,NA,NA,NA,NA,NA,NA,NA,NA,NA,NA,NA,NA,NA,NA,NA,NA,NA,NA,NA
"Skitine","TBR",1993,NA,NA,NA,NA,NA,NA,NA,NA,NA,NA,NA,NA,NA,NA,NA,NA,NA,NA,NA,NA,NA,NA,NA,NA,NA,NA,NA,NA,NA,NA,NA,NA
"Skitine","TBR",1994,NA,NA,NA,NA,NA,NA,NA,NA,NA,NA,NA,NA,NA,NA,NA,NA,NA,NA,NA,NA,NA,NA,NA,NA,NA,NA,NA,NA,NA,NA,NA,NA
"Skitine","TBR",1995,NA,NA,NA,NA,NA,NA,NA,NA,NA,NA,NA,NA,NA,NA,NA,NA,NA,NA,NA,NA,NA,NA,NA,NA,NA,NA,NA,NA,NA,NA,NA,NA
"Skitine","TBR",1996,NA,NA,NA,NA,NA,NA,NA,NA,NA,NA,NA,NA,NA,NA,NA,NA,NA,NA,NA,NA,NA,NA,NA,NA,NA,NA,NA,NA,NA,NA,NA,NA
"Skitine","TBR",1997,NA,NA,NA,NA,NA,NA,NA,NA,NA,NA,NA,NA,NA,NA,NA,NA,NA,NA,NA,NA,NA,NA,NA,NA,NA,NA,NA,NA,NA,NA,NA,NA
"Skitine","TBR",1998,NA,NA,NA,NA,NA,NA,NA,NA,NA,NA,NA,NA,NA,NA,NA,NA,NA,NA,NA,NA,NA,NA,NA,NA,NA,NA,NA,NA,NA,NA,NA,NA
"Skitine","TBR",1999,NA,NA,NA,NA,NA,NA,NA,NA,NA,NA,NA,NA,NA,NA,NA,NA,NA,NA,NA,NA,NA,NA,NA,NA,NA,NA,NA,NA,NA,NA,NA,NA
"Skitine","TBR",2000,NA,NA,NA,NA,NA,NA,NA,NA,NA,NA,NA,NA,NA,NA,NA,NA,NA,NA,NA,NA,NA,NA,NA,NA,NA,NA,NA,NA,NA,NA,NA,NA
"Skitine","TBR",2001,10,"3",NA,NA,NA,NA,NA,NA,NA,NA,NA,NA,NA,NA,NA,NA,NA,NA,NA,NA,NA,NA,NA,NA,NA,NA,NA,NA,NA,NA,NA,NA
"Skitine","TBR",2002,25,"3,4",4,0,4,4,0,0,0,0,0,0,0,0,0,0,0,0,0,0,0,0,0,0,0,8,0,0,0,0,0,80
"Skitine","TBR",2003,180,"3,4,5",5.6,0.6,6.7,11.7,0,0,0,0,0,0,0,0,0,0,0,0,0,0,0,0,1.1,0.6,0,4.4,0,0,0,0,0,69.4
"Skitine","TBR",2004,245,"3,4,5,6",8.6,0,0,0,6.1,0,0,0,0,0,0,0,0,0,0,0,0,0,0,0,2,2,4.1,10.2,0,0,0,0,0,66.9
"Skitine","TBR",2005,453,"3,4,5,6",9.1,2,7.7,0,0,0,0,0,0,0,0,0,0,0,0,0,0,0,0,0,4.6,18.8,3.8,19.2,0,0,0,0,0,34.9
"Skitine","TBR",2006,482,"3,4,5,6",8.7,2.3,5.6,0,0,0,0,0,0,0,0,0,0,0,0,0,0,0,0,0,1.9,25.5,5.8,21.2,0,0,0,0,0,29
"Skitine","TBR",2007,378,"3,4,5,6",9,0,5.8,0,0,0,0,0,0,0,0,0,0,0,0,0,0,0,0,0,2.1,14.3,6.9,27,0,0,0,0,0,34.9
"Skitine","TBR",2008,425,"3,4,5,6",4.2,0,6.1,0,0,0,0,0,0,0,0,0,0,0,0,0,0,0,0,0,2.6,16,7.3,19.8,0,0,0,0,0,44
"Skitine","TBR",2009,226,"3,4,5,6",11.9,3.5,0.4,0,0,0,0,0,0,0,0,0,0,0,0,0,0,0,0,0,0,12.8,2.7,11.5,0,0,0,0,0,57.1
"Skitine","TBR",2010,248,"3,4,5,6",13.3,2.8,1.6,0,0,0,0,0,0,0,0,0,0,0,0,0,0,0,0,0,1.6,2.8,0,15.3,0,0,0,0,0,62.5
"Skitine","TBR",2011,387,"3,4,5,6",4.7,5.7,2.6,0,0.3,0,0,0,0,0,0,0,0,0,0,0,0,0,0,0,0.5,8.3,0,12.4,0,0,0,0,0,65.6
"Skitine","TBR",2012,621,"3,4,5,6",8.9,3.2,0.2,0,0,0,0,0,0,0,0,0,0,0,0,0,0,0,0,0,0,2.7,0.2,15.9,0,0,0,0,0.2,68.8
"Skitine","TBR",2013,485,"3,4,5,6",4.1,3.5,1.6,0,0,0,0,0,0,0.4,0,0,0,0,0,0,0,0,0,0,0.2,1.9,0.4,12,0,0,0,0,0,75.9
"Skitine","TBR",2014,559,"3,4,5,6",3.9,3.6,0.2,0,0.7,0,0,0,0,0,0,0,0,0,0,0,0,0,0,0,0.7,3.6,0,9.5,0,0,0,0,0,77.8
"Skitine","TBR",2015,762,"3,4,5,6",3.9,1.6,0.5,0,0,0,0,0,0,0,0,0,0,0,0,0,0,0,0,0,0,1.8,0,17.5,0,0,0,0,0,74.7
"Skitine","TBR",2016,604,"3,4,5,6",3.5,0.2,1.8,0,0,0,0,0,0,0,0,0,0,0,0,0,0,0,0,0,0.3,0.5,0,14.9,0,0,0,0,0,78.8
"Skitine","TBR",2017,299,"3,4,5,6",6.7,0.7,2,0,0,0,0,0,0,0,0,0,0,0,0,0,0,0,0,0,0,0,0,9.4,0,0,0,0,0,81.3
"Skitine","TBR",2018,176,"4,5,6",1.1,0.6,0,0,0,0,0,0,0,0,0,0,0,0,0,0,0,0,0,0,0,0.6,0,1.7,0,0,0,0,0,96
"Skitine","TBR",2019,220,"5,6",6.8,1.4,0,0,0,0,0,0,0,0,0,0,0,0,0,0,0,0,0,0,0,0,0,0,0,0,0,0,0,91.8
"Taku","TBR",1979,218,"3,4",2.8,1.4,0.9,0,0,0,0,0,0,0,0,0,0,0,0,0,0,0,0,0,0,2.8,0,0.5,0,0,0,0,0,91.7
"Taku","TBR",1980,303,"3,4,5",3.6,0,3.6,0,0,0,0,0,0,0,0,0,0,0,0,0,0,0,0,0,0,3,0,1,0,0,0,0,0,88.8
"Taku","TBR",1981,452,"3,4,5,6",5.5,0,0,0,0,0,0,0,0,0,0,0,0,0,0,0,0,0,0,0,0,0,0,0.9,0,0,0,0,0,93.6
"Taku","TBR",1982,271,"3,4,5,6",7.4,1.1,0,0,0,0,0,0,0,0,0,0,0,0,0,0,0,0,0,0,0,1.1,0,1.8,0,0,0,0,0,88.6
"Taku","TBR",1983,175,"3,4,5,6",2.9,0,0,0,0,0,0,0,0,0,0,0,0,0,0,0,0,0,0,0,0,1.1,0,4,0,0,0,0,0.6,91.4
"Taku","TBR",1984,376,"3,4,5,6",10.1,0,0,0,0,0,0,0,0,0,0,0,0,0,0,0,0,0,0,0,0,1.9,2.1,2.1,0,0,0,0,0,83.8
"Taku","TBR",1985,347,"4,5,6",2.9,0,8.4,0.9,0,0,0,0,0,0,0,0,0,0,0,0,0,0,0,0,0,0,0,1.4,0,0,0,0,0,86.5
"Taku","TBR",1986,169,"5,6",3.6,0,0,0,0,0,0,0,0,0,0,0,0,0,0,0,0,0,0,0,0,0,0,1.8,0,0,0,0,0,94.7
"Taku","TBR",1987,52,"6",NA,NA,NA,NA,NA,NA,NA,NA,NA,NA,NA,NA,NA,NA,NA,NA,NA,NA,NA,NA,NA,NA,NA,NA,NA,NA,NA,NA,NA,NA
"Taku","TBR",1988,NA,NA,NA,NA,NA,NA,NA,NA,NA,NA,NA,NA,NA,NA,NA,NA,NA,NA,NA,NA,NA,NA,NA,NA,NA,NA,NA,NA,NA,NA,NA,NA
"Taku","TBR",1989,NA,NA,NA,NA,NA,NA,NA,NA,NA,NA,NA,NA,NA,NA,NA,NA,NA,NA,NA,NA,NA,NA,NA,NA,NA,NA,NA,NA,NA,NA,NA,NA
"Taku","TBR",1990,NA,NA,NA,NA,NA,NA,NA,NA,NA,NA,NA,NA,NA,NA,NA,NA,NA,NA,NA,NA,NA,NA,NA,NA,NA,NA,NA,NA,NA,NA,NA,NA
"Taku","TBR",1991,NA,NA,NA,NA,NA,NA,NA,NA,NA,NA,NA,NA,NA,NA,NA,NA,NA,NA,NA,NA,NA,NA,NA,NA,NA,NA,NA,NA,NA,NA,NA,NA
"Taku","TBR",1992,NA,NA,NA,NA,NA,NA,NA,NA,NA,NA,NA,NA,NA,NA,NA,NA,NA,NA,NA,NA,NA,NA,NA,NA,NA,NA,NA,NA,NA,NA,NA,NA
"Taku","TBR",1993,NA,NA,NA,NA,NA,NA,NA,NA,NA,NA,NA,NA,NA,NA,NA,NA,NA,NA,NA,NA,NA,NA,NA,NA,NA,NA,NA,NA,NA,NA,NA,NA
"Taku","TBR",1994,70,"3",NA,NA,NA,NA,NA,NA,NA,NA,NA,NA,NA,NA,NA,NA,NA,NA,NA,NA,NA,NA,NA,NA,NA,NA,NA,NA,NA,NA,NA,NA
"Taku","TBR",1995,180,"3,4",0.6,0,2.8,0,0,0,0,0,0,0,0,0,0,0,0,0,0,0,0,0,0,5.6,0,1.1,0,0,0,0,0,90
"Taku","TBR",1996,391,"3,4,5",1.5,0,2.6,0,0,0,0,0,0,0,0,0,0,0,0,0,0,0,0,0,0,1.3,0,3.1,0,0,0,0,0,91.6
"Taku","TBR",1997,657,"3,4,5,6",0.3,0,9.7,0,0,0,0,0,0,0,0,0,0,0,0,0,0,0,0,0,0,1.8,0,2.4,0,0,0,0,0,85.7
"Taku","TBR",1998,406,"3,4,5,6",1,0,0,0,0,0,0,0,0,0,0,0,0,0,0,0,0,0,0,0,0,0,0,4.2,0,0,0,0,0,94.8
"Taku","TBR",1999,649,"3,4,5,6",1.8,0,3.5,0,0,0,0,0,0,0,0,0,0,0,0,0,0,0,0,0,0,4,0,4.3,0,0,0,0,0,86.3
"Taku","TBR",2000,1172,"3,4,5,6",1.9,0.5,2.2,0,0,0,0,0,0,0,0,0,0,0,0,0,0,0,0,0,0,0.3,0,5.5,0,0,0,0,0,89.6
"Taku","TBR",2001,1105,"3,4,5,6",3.3,0.1,8.1,0,0,0,0,0,0,0,0,0,0,0,0,0,0,0,0,0,0,2.3,0,5.1,0,0,0,0,0.1,81.2
"Taku","TBR",2002,963,"3,4,5,6",3.3,0,6.1,0,0,0,0,0,0,0,0,0,0,0,0,0,0,0,0,0,0,1.5,0,4.9,0,0,0,0,0,84.2
"Taku","TBR",2003,995,"3,4,5,6",2.1,0.1,3.1,0,0,0,0,0,0,0,0,0,0,0,0,0,0,0,0,0,0,1.7,0,7,0,0,0,0,0,85.9
"Taku","TBR",2004,2283,"3,4,5,6",3,0.3,3.9,0,0,0,0,0,0,0,0,0,0,0,0,0,0,0,0,0,0,4.7,0,3.7,0,0,0,0,0,84.5
"Taku","TBR",2005,1451,"3,4,5,6",2.8,0.2,6.2,0,0,0,0,0,0,0,0,0,0,0,0,0,0,0,0,0,0,26.7,0,10.6,0,0,0,0,0,53.5
"Taku","TBR",2006,1048,"3,4,5,6",2.9,0,6.8,0,0,0,0,0,0,0,0,0,0,0,0,0,0,0,0,0,0,14.2,1,11.3,0,0,0,0,0,63.9
"Taku","TBR",2007,402,"3,4,5,6",6.5,0,6.5,0,0,0,0,0,0,0,0,0,0,0,0,0,0,0,0,0,0,6.7,0,9,0,0,0,0,0,71.4
"Taku","TBR",2008,551,"3,4,5,6",5.4,0,2,0,0,0,0,0,0,0,0,0,0,0,0,0,0,0,0,0,0,4.2,0,5.8,0,0,0,0,0.4,82.2
"Taku","TBR",2009,343,"3,4,5,6",8.7,0,2.6,0,0,0,0,0,0,0,0,0,0,0,0,0,0,0,0,0,0,12.2,0,15.5,0,0,0,0,0,60.9
"Taku","TBR",2010,225,"3,4,5,6",4,0,1.8,0,0,0,0,0,0,0,0,0,0,0,0,0,0,0,0,0,0,1.8,0,13.3,0,0,0,0,0,79.1
"Taku","TBR",2011,335,"3,4,5,6",6.9,0.9,2.7,0,0,0,0,0,0,0,0,0,0,0,0,0,0,0,0,0,0,3.9,0,7.8,0,0,0,0,0,77.9
"Taku","TBR",2012,272,"3,4,5,6",9.9,0.4,0.7,0,0,0,0,0,0,0,0,0,0,0,0,0,0,0,0,0,0,0.7,0,10.7,0,0,0,0,0,77.6
"Taku","TBR",2013,350,"3,4,5,6",3.4,1.1,1.7,0,0,0,0,0,0,0,0,0,0,0,0,0,0,0,0,0,0.3,1.1,0,3.7,0,0,0,0,0,88.6
"Taku","TBR",2014,362,"3,4,5,6",2.8,0,0,0,0,0,0,0,0,0,0,0,0,0,0,0,0,0,0,0,0,0.6,0,9.7,0,0,0,0,0,87
"Taku","TBR",2015,424,"3,4,5,6",7.5,1.7,3.1,0,0,0,0,0,0,0,0,0,0,0,0,0,0,0,0,0,0,1.4,0,6.6,0,0,0,0,0,79.7
"Taku","TBR",2016,260,"3,4,5,6",0.8,0,4.2,0,0,0,0,0,0,0,0,0,0,0,0,0,0,0,0,0,0,0,0,9.2,0,0,0,0,0,85.8
"Taku","TBR",2017,188,"3,4,5,6",4.3,2.7,0,0,0,0,0,0,0,0,0,0,0,0,0,0,0,0,0,0,0,0,0,2.7,0,0,0,0,0,90.4
"Taku","TBR",2018,113,"3,4,5,6",0,0,0,0,0,0,0,0,0,0,0,0,0,0,0,0,0,0,0,0,0,0,0,2.7,0,0,0,0,0,97.3
"Taku","TBR",2019,357,"4,5,6",0,2,0,0,0,0,0,0,0,0,0,0,0,0,0,0,0,0,0,0,0,1.7,0,0,0,0,0,0,0,96.4
